idx,B3,B4,B5,crop,nd,slope,type
0,0.1564044,0.17378345,0.31349084,0,-0.028986549,8.962629,Non-Crop
1,0.14639983,0.16183579,0.3365033,1,-0.039774533,3.7047918,Crop
2,0.18316275,0.24505651,0.36278567,1,-0.016434593,3.904738,Crop
3,0.15501834,0.18401226,0.31431317,1,-0.02505158,1.1523076,Crop
4,0.19485433,0.23064736,0.35773253,0,0.00613162,4.3603888,Non-Crop
5,0.10923346,0.10281305,0.25966164,0,-0.05943464,17.130632,Non-Crop
6,0.17745422,0.20713978,0.32373315,0,-0.015284428,5.9990582,Non-Crop
7,0.20477504,0.22280863,0.31040657,0,-0.010696923,1.4842572,Non-Crop
8,0.11775421,0.1177636,0.28341338,0,-0.058153775,13.628974,Non-Crop
9,0.09731971,0.0863593,0.23798184,0,-0.07163481,27.697454,Non-Crop
10,0.18750738,0.23523486,0.38726038,0,0.028978154,9.213493,Non-Crop
11,0.17776896,0.21193327,0.30462834,0,-0.032426298,1.4804444,Non-Crop
12,0.11622669,0.10276411,0.35390612,1,-0.07162165,0.92740995,Crop
13,0.17642722,0.22931893,0.36410433,1,-3.42E-04,1.1553172,Crop
14,0.19025004,0.2157757,0.2601848,0,-0.014870619,4.9478893,Non-Crop
15,0.17727222,0.20508437,0.35535854,0,-0.007241115,17.774233,Non-Crop
16,0.20093583,0.24267015,0.30627072,0,-0.016695218,1.1483263,Non-Crop
17,0.17848717,0.20101763,0.32669312,1,-0.020218793,1.4747151,Crop
18,0.18103488,0.22207813,0.27982607,1,-0.023071673,1.8543341,Crop
19,0.16262776,0.19934817,0.30553198,1,-0.004170701,0.92740995,Crop
20,0.18220674,0.22078,0.34046978,0,-0.024469584,17.55395,Non-Crop
21,0.1667365,0.18866463,0.314599,1,-0.017093314,1.4755656,Crop
22,0.14338085,0.14670303,0.29963812,0,-0.04722725,10.029451,Non-Crop
23,0.18314683,0.1914156,0.3178558,0,-0.016889658,2.3168852,Non-Crop
24,0.17121187,0.21482927,0.3792684,1,-0.018353522,2.4819443,Crop
25,0.22022648,0.24210237,0.38041466,0,-0.003129687,2.7802885,Non-Crop
26,0.16458873,0.18581617,0.272701,1,-0.02283962,0.92740995,Crop
27,0.14488895,0.15539502,0.32495496,0,-0.035227284,9.470535,Non-Crop
28,0.15854606,0.19192801,0.3217367,1,-0.019862464,3.4433405,Crop
29,0.17981498,0.19546968,0.3402219,0,-0.01884254,18.775116,Non-Crop
30,0.22535142,0.2661336,0.36228436,1,0.018569708,6.3627477,Crop
31,0.22822516,0.2400308,0.26170868,0,-0.006861622,0.92740995,Non-Crop
32,0.10237565,0.0928857,0.23022449,0,-0.08109331,11.704602,Non-Crop
33,0.20036839,0.23390502,0.35691452,1,-0.006598035,1.1469476,Crop
34,0.15241358,0.18469685,0.3078918,1,-0.038928,1.1469233,Crop
35,0.22987217,0.25230634,0.30341023,0,-0.004650446,20.187214,Non-Crop
36,0.15837015,0.18712148,0.3158984,1,-0.034003254,2.9555562,Crop
37,0.0995389,0.08670135,0.22953041,0,-0.07016325,13.502243,Non-Crop
38,0.19870271,0.21995835,0.31375486,0,-0.004628766,9.336088,Non-Crop
39,0.11716607,0.10886596,0.2495962,0,-0.06935416,10.043688,Non-Crop
40,0.22639763,0.2745385,0.3403551,0,7.80E-04,1.154478,Non-Crop
41,0.2102352,0.26177278,0.40258357,0,-0.004967723,3.0078828,Non-Crop
42,0.17591113,0.20316899,0.3264681,0,-0.016161375,3.6082025,Non-Crop
43,0.18775569,0.23400158,0.3311704,1,-0.011328114,1.8543341,Crop
44,0.18027538,0.20427836,0.31324065,0,-0.016518593,9.549666,Non-Crop
45,0.16150254,0.18239637,0.33637536,0,-0.01434514,1.8543341,Non-Crop
46,0.11313757,0.08192095,0.049557775,0,-0.053542197,0,Non-Crop
47,0.21950665,0.26871964,0.40805766,1,0.003675346,9.197091,Crop
48,0.21312495,0.26933396,0.36680725,1,7.60E-04,1.4750738,Crop
49,0.1406363,0.13967705,0.2284374,0,-0.04960695,3.5924816,Non-Crop
50,0.16042143,0.18193305,0.3220784,0,-0.01931191,6.8168635,Non-Crop
51,0.17710724,0.20580003,0.2961631,1,-0.013337894,4.685872,Crop
52,0.21718962,0.2768918,0.4154286,1,0.019129757,1.8543341,Crop
53,0.17115593,0.20418073,0.30635983,1,-0.01951452,2.4891214,Crop
54,0.13231342,0.15922272,0.34440246,1,-0.037855808,4.7039957,Crop
55,0.13628694,0.14326969,0.26858294,0,-0.03844373,26.706224,Non-Crop
56,0.18626176,0.227347,0.36595404,1,-0.011121544,7.995663,Crop
57,0.1519065,0.18416142,0.3378174,1,-0.02297405,9.228421,Crop
58,0.17772111,0.21813819,0.34378102,1,0.001363999,1.155259,Crop
59,0.119609885,0.12128134,0.26903036,0,-0.050363194,19.579935,Non-Crop
60,0.17732151,0.19660345,0.36238712,1,0.024908338,7.9219284,Crop
61,0.11255738,0.088170335,0.04704603,0,-0.061715633,0,Non-Crop
62,0.14486502,0.1508438,0.28591204,0,-0.033761963,8.963815,Non-Crop
63,0.22140312,0.2530766,0.38838142,0,0.010169094,8.670668,Non-Crop
64,0.17316875,0.21913555,0.33686623,1,-0.021762248,2.4731815,Crop
65,0.16117159,0.18800043,0.33170822,1,-0.019557418,1.1485133,Crop
66,0.20972937,0.25940347,0.36136115,1,0.00167619,5.355733,Crop
67,0.17038698,0.18272708,0.30018494,0,-0.017651692,11.05344,Non-Crop
68,0.118818335,0.121115856,0.2805555,1,-0.05982243,2.9547765,Crop
69,0.17315674,0.21093373,0.350832,1,-0.008467736,6.0065327,Crop
70,0.15574265,0.17697303,0.37601006,1,-0.049361385,1.8543341,Crop
71,0.16337791,0.18290383,0.34106004,0,-0.019300934,4.9658165,Non-Crop
72,0.16588938,0.18902586,0.30731362,0,-0.021077333,11.393644,Non-Crop
73,0.18250366,0.22517346,0.33781156,1,-0.010356898,2.7802885,Crop
74,0.20777586,0.2653286,0.38786203,0,-0.004022494,3.877729,Non-Crop
75,0.1585455,0.20005262,0.3355982,0,-0.026771173,5.8029113,Non-Crop
76,0.18242118,0.2006197,0.27872258,0,-0.023183411,5.1698613,Non-Crop
77,0.14899752,0.15187848,0.33867776,0,-0.04215569,1.8543341,Non-Crop
78,0.16431497,0.20618816,0.33094394,0,-0.020560246,1.479227,Non-Crop
79,0.18606102,0.21834134,0.3697143,0,-0.005235856,3.5776913,Non-Crop
80,0.15399413,0.1714902,0.36390373,1,-0.034276985,2.1846333,Crop
81,0.22319275,0.24044591,0.31948853,0,-2.34E-04,0.92740995,Non-Crop
82,0.19355136,0.2294483,0.33643013,0,0.005772803,15.541911,Non-Crop
83,0.18370593,0.21350054,0.30777505,0,-0.02726614,3.008129,Non-Crop
84,0.17614259,0.20866205,0.3446146,0,-0.006237036,6.5275207,Non-Crop
85,0.19474535,0.23515852,0.37917796,0,-0.011417542,4.9765077,Non-Crop
86,0.15374228,0.17202504,0.30749464,0,-0.044019632,3.5790048,Non-Crop
87,0.19369273,0.2182752,0.35256976,0,-0.020647867,8.191603,Non-Crop
88,0.19657081,0.21351385,0.31905127,0,-0.008631044,0.92740995,Non-Crop
89,0.20732778,0.2509308,0.32871944,1,-0.008760792,0,Crop
90,0.18705165,0.2276243,0.39489415,1,-0.017532779,1.4788933,Crop
91,0.24566758,0.2614747,0.29957476,0,0.001887041,1.4826555,Non-Crop
92,0.17354904,0.19769843,0.3115984,0,-0.020483151,3.5643497,Non-Crop
93,0.24583292,0.30631012,0.44157422,0,0.01414226,2.1800048,Non-Crop
94,0.19839416,0.22927862,0.3237444,0,-0.007379154,7.3457575,Non-Crop
95,0.1428904,0.15804611,0.30098307,0,-0.04519107,3.5877244,Non-Crop
96,0.20576128,0.2454309,0.32767227,1,-0.006208807,1.475247,Crop
97,0.13180044,0.11818563,0.14433007,0,-0.049891192,0,Non-Crop
98,0.16972348,0.19715706,0.3083206,0,-0.018730853,13.648223,Non-Crop
99,0.16797687,0.20238724,0.2654789,1,-0.03136562,2.9472718,Crop
100,0.24907133,0.27675915,0.39995408,0,0.001133731,0,Non-Crop
101,0.19270778,0.22990803,0.3258689,0,-0.007420925,6.519841,Non-Crop
102,0.16932233,0.22198977,0.35338607,1,-0.010545063,1.8543341,Crop
103,0.13210483,0.14197661,0.2657272,0,-0.0462178,11.499247,Non-Crop
104,0.17233305,0.20615357,0.28180635,1,-0.027092395,1.474489,Crop
105,0.16631845,0.20068005,0.35124594,1,-0.016262714,4.6273675,Crop
106,0.17218855,0.1893948,0.3282631,1,-0.023760853,1.4819192,Crop
107,0.113870256,0.09004138,0.0782488,0,-0.06438554,0,Non-Crop
108,0.1448007,0.16456401,0.31182778,0,-0.03214089,4.767382,Non-Crop
109,0.1972115,0.2155061,0.32493025,0,-0.005904576,1.4828056,Non-Crop
110,0.17449775,0.18692423,0.24774854,0,-0.014923558,13.074593,Non-Crop
111,0.20054284,0.25844458,0.38844448,1,0.011551281,1.479333,Crop
112,0.119162016,0.12048409,0.28269562,0,-0.0624997,8.272956,Non-Crop
113,0.14156216,0.14681351,0.34202737,1,-0.04026841,2.9468458,Crop
114,0.20486465,0.22130007,0.2817477,0,-0.00828574,2.1858876,Non-Crop
115,0.19359194,0.23898022,0.3643483,0,-0.017178232,1.4769208,Non-Crop
116,0.1790824,0.20215979,0.35780483,1,-0.008673656,3.58729,Crop
117,0.16146791,0.18750738,0.31828547,0,-0.017534621,4.95305,Non-Crop
118,0.18581502,0.23503536,0.36275655,1,-0.003576119,1.4819777,Crop
119,0.15311852,0.17602012,0.3394387,1,-0.025463464,5.3577356,Crop
120,0.1762461,0.18902972,0.24442694,0,-0.022122027,4.713507,Non-Crop
121,0.1507978,0.17404254,0.33103207,1,-0.03870643,1.8543341,Crop
122,0.15573367,0.15924188,0.3703336,1,-0.024214733,1.4819517,Crop
123,0.25416902,0.2857614,0.38312966,0,1.29E-04,2.185249,Non-Crop
124,0.18387143,0.22294013,0.36323345,1,-0.003671946,2.9623196,Crop
125,0.18194957,0.21997167,0.30296946,1,-0.003634357,1.1558836,Crop
126,0.20372027,0.22864008,0.30486268,1,-0.004761017,2.9634387,Crop
127,0.15695752,0.18264128,0.32408616,1,-0.025292741,4.436302,Crop
128,0.2145645,0.25812486,0.41188666,0,0.01012385,2.301163,Non-Crop
129,0.21338429,0.24391468,0.30406323,0,-0.008323154,3.8806186,Non-Crop
130,0.17299472,0.20561783,0.29934984,0,-0.014262064,0.92740995,Non-Crop
131,0.13754874,0.09261937,0.07440264,0,-0.032277025,0,Non-Crop
132,0.19930683,0.23989323,0.3428605,1,-0.006906137,0.92740995,Crop
133,0.23777421,0.27147076,0.36297086,0,-9.95E-04,3.0107694,Non-Crop
134,0.18651135,0.21086489,0.28678003,0,-0.03674951,2.1860633,Non-Crop
135,0.16675007,0.19285971,0.31758338,0,-0.019289767,23.129656,Non-Crop
136,0.137654,0.13871591,0.3396241,1,-0.045474514,2.1846488,Crop
137,0.113901384,0.1059144,0.2820622,0,-0.0596497,31.71691,Non-Crop
138,0.22016966,0.26857352,0.36409047,0,6.52E-04,6.502719,Non-Crop
139,0.1741644,0.22003283,0.33279163,0,-0.016574938,1.4758277,Non-Crop
140,0.17843461,0.2109983,0.373431,1,-0.021750603,1.1566515,Crop
141,0.19942187,0.2393926,0.37886912,0,-0.006285226,4.421981,Non-Crop
142,0.14936411,0.18279952,0.31923226,0,-0.03356915,6.5652227,Non-Crop
143,0.17204578,0.20735848,0.33795503,0,-0.018745849,16.569616,Non-Crop
144,0.14032674,0.14779282,0.17327562,0,-0.050155923,0,Non-Crop
145,0.15778221,0.20906998,0.36206442,1,-0.004025811,1.47881,Crop
146,0.15098083,0.17782047,0.33970025,1,-0.034779277,1.4826196,Crop
147,0.1647451,0.16669822,0.24077481,0,-0.024526704,10.928387,Non-Crop
148,0.16924258,0.2030321,0.3007847,0,-0.02303671,1.4748535,Non-Crop
149,0.17277437,0.20804052,0.28861457,0,-0.031208351,1.1483386,Non-Crop
150,0.15452665,0.17381266,0.28800946,1,-0.037390146,1.4822838,Crop
151,0.17259271,0.21668951,0.32770038,0,-0.02415004,3.007712,Non-Crop
152,0.21048267,0.25332952,0.38259938,0,-0.005927412,0.92740995,Non-Crop
153,0.174692,0.19340241,0.27328384,0,-0.022491232,2.1860275,Non-Crop
154,0.16239375,0.21167202,0.37029716,1,-0.01619337,4.7035093,Crop
155,0.19572254,0.22138202,0.31292295,0,-0.013816493,1.1496584,Non-Crop
156,0.20741603,0.25220093,0.35732564,1,-0.005047178,2.179905,Crop
157,0.11748481,0.12346905,0.29394785,1,-0.05782433,2.7802885,Crop
158,0.15107931,0.1759312,0.2824929,1,-0.0315918,0.92740995,Crop
159,0.21907234,0.2425631,0.39262128,0,-0.002307095,13.018602,Non-Crop
160,0.12399825,0.11898298,0.27536446,0,-0.053857766,16.40084,Non-Crop
161,0.18643227,0.18925405,0.3436572,0,-0.038741536,2.4956362,Non-Crop
162,0.15990254,0.17149213,0.317539,1,-0.036336534,2.1800601,Crop
163,0.16245644,0.21132714,0.353011,0,-0.03414632,6.0428815,Non-Crop
164,0.21151744,0.2545894,0.35089028,0,-0.003132197,2.7802885,Non-Crop
165,0.25954476,0.29396993,0.37239602,0,0.006150171,1.1563299,Non-Crop
166,0.12667829,0.14054744,0.30800876,1,-0.0439755,2.2965188,Crop
167,0.13303433,0.13906494,0.35023093,1,-0.050685517,2.4896464,Crop
168,0.16338599,0.18148032,0.30238038,1,-0.019524027,8.36646,Crop
169,0.14394623,0.16762759,0.33208483,1,-0.033192262,6.5240507,Crop
170,0.2099766,0.24973644,0.36059418,1,-0.007497612,3.0073278,Crop
171,0.15014078,0.15350875,0.331438,0,-0.045666035,2.4925592,Non-Crop
172,0.14988624,0.17574911,0.29106787,0,-0.028189937,3.8785367,Non-Crop
173,0.18712148,0.22780241,0.34409022,0,-0.005559581,1.8543341,Non-Crop
174,0.17753533,0.20236859,0.3322194,1,-0.012786032,1.481968,Crop
175,0.19953807,0.24784933,0.36104217,0,-0.002195871,2.9513745,Non-Crop
176,0.19579011,0.22596821,0.30186743,0,-0.00963488,6.039287,Non-Crop
177,0.22047195,0.25313094,0.32812142,0,-0.001531113,1.475635,Non-Crop
178,0.17619997,0.21162573,0.34331906,1,-0.019987943,1.4824141,Crop
179,0.18145613,0.2231912,0.36420548,1,-0.003293718,1.8543341,Crop
180,0.14292343,0.16165252,0.27253208,0,-0.044926677,16.569187,Non-Crop
181,0.21882115,0.26008785,0.40362626,1,0.00358926,1.8543341,Crop
182,0.17599043,0.2156288,0.33898476,1,-0.009477123,0.92740995,Crop
183,0.28466058,0.3254815,0.42246604,0,0.02466496,12.100649,Non-Crop
184,0.16835839,0.17950258,0.34014818,0,-0.022483822,49.49932,Non-Crop
185,0.09620094,0.064308286,0.04444783,0,-0.078530625,0,Non-Crop
186,0.2068982,0.23746738,0.33710295,1,-0.011721211,1.4782593,Crop
187,0.16178936,0.18934809,0.33364734,0,-0.031871602,21.473125,Non-Crop
188,0.1850462,0.2178323,0.32938135,0,-0.022319386,7.4660034,Non-Crop
189,0.10860198,0.10015361,0.24801812,0,-0.06434662,12.525287,Non-Crop
190,0.12687337,0.12946917,0.26742196,0,-0.046671916,3.606386,Non-Crop
191,0.20368166,0.23829833,0.35422513,1,-0.009426625,1.1468384,Crop
192,0.17367086,0.21586128,0.3542357,1,0.005473359,3.8800414,Crop
193,0.1700516,0.18811318,0.2480624,0,-0.03359516,0,Non-Crop
194,0.19831572,0.23485404,0.33492926,1,-0.01752096,1.4747308,Crop
195,0.25135136,0.2898136,0.3828241,0,0.009280983,1.4782913,Non-Crop
196,0.16155261,0.19434646,0.31758338,1,-0.024014605,6.02284,Crop
197,0.19830735,0.23385862,0.38127476,1,0.01709996,2.7802885,Crop
198,0.15482023,0.19245718,0.35095912,1,-0.020222714,1.1556045,Crop
199,0.16597342,0.16758448,0.33875668,0,-0.02617379,5.070827,Non-Crop
200,0.14491943,0.15280169,0.30593854,1,-0.025369909,1.1559128,Crop
201,0.12998688,0.13272528,0.29468995,0,-0.04948807,15.773928,Non-Crop
202,0.11971797,0.119240515,0.2638204,0,-0.06621644,6.931837,Non-Crop
203,0.22989714,0.24001476,0.32011342,0,0.001017893,2.4951444,Non-Crop
204,0.15900177,0.2002817,0.36275083,1,-0.018223926,1.1563674,Crop
205,0.1455672,0.16702299,0.2932129,0,-0.036524985,23.191494,Non-Crop
206,0.13636875,0.1405359,0.28909972,0,-0.03856547,1.8543341,Non-Crop
207,0.19318771,0.20582175,0.30172652,0,-0.021153755,3.593587,Non-Crop
208,0.18844016,0.24959336,0.37302232,0,-0.012442126,2.9590695,Non-Crop
209,0.232466,0.25361633,0.39964,0,0.009617156,6.8575435,Non-Crop
210,0.11978159,0.11352193,0.29997987,0,-0.05823669,13.662431,Non-Crop
211,0.11843356,0.11748054,0.38535565,1,-0.06670179,1.4817567,Crop
212,0.1856601,0.22400755,0.29446512,0,-0.01716502,5.161911,Non-Crop
213,0.16561529,0.19287024,0.33160973,1,-0.026309572,0,Crop
214,0.17664748,0.21166508,0.35383046,0,-0.023101073,3.0114338,Non-Crop
215,0.15881634,0.18953294,0.35505527,1,-0.020468883,1.1561338,Crop
216,0.25186485,0.2869484,0.37977946,0,0.009876296,0.92740995,Non-Crop
217,0.1861186,0.22290011,0.35446292,0,-0.002119027,3.009462,Non-Crop
218,0.19172229,0.23894092,0.3763011,1,-0.012865867,1.475014,Crop
219,0.10227986,0.09120339,0.27787238,1,-0.07736384,1.4819843,Crop
220,0.15919851,0.18370752,0.33076763,0,-0.021661622,5.3651066,Non-Crop
221,0.18988852,0.24079785,0.37882006,1,-0.007519704,6.0144978,Crop
222,0.15841725,0.181128,0.3059671,1,-0.03287144,4.363618,Crop
223,0.1538466,0.18773884,0.37005088,0,-0.032231517,7.466609,Non-Crop
224,0.164596,0.19321764,0.2823922,0,-0.01989447,1.1513288,Non-Crop
225,0.20136884,0.22246723,0.32069775,0,0.001957689,3.8788388,Non-Crop
226,0.16049938,0.19102809,0.33948627,1,-0.023650091,2.4828515,Crop
227,0.21349283,0.23031765,0.2539689,0,-0.012567181,0.92740995,Non-Crop
228,0.16605903,0.1927515,0.3194176,1,-0.013227699,1.4746805,Crop
229,0.10239262,0.07719123,0.045121595,0,-0.07263051,0,Non-Crop
230,0.14744274,0.17607316,0.307683,0,-0.029022574,4.7676506,Non-Crop
231,0.19065547,0.20610997,0.32383016,0,-0.007530594,3.7047918,Non-Crop
232,0.12943892,0.1403418,0.34383008,1,-0.054272998,2.7802885,Crop
233,0.12601674,0.13672355,0.34427685,1,-0.055179685,2.7802885,Crop
234,0.2282354,0.2546261,0.31043088,0,-0.002488077,0,Non-Crop
235,0.15424374,0.18725735,0.3048909,1,-0.03501519,1.4745895,Crop
236,0.13620964,0.14017853,0.27347237,0,-0.033327352,4.360107,Non-Crop
237,0.16121764,0.19739579,0.3675808,1,-0.038369335,1.4825739,Crop
238,0.17301951,0.20982452,0.33610064,1,-0.012825833,1.4787523,Crop
239,0.1664368,0.18300752,0.28125107,1,-0.031813554,2.4739087,Crop
240,0.21582745,0.26204365,0.3731407,0,0.006549348,2.18067,Non-Crop
241,0.14333586,0.16309267,0.27090508,1,-0.040018898,6.507055,Crop
242,0.21795051,0.25893655,0.3741913,1,0.006382027,7.3192043,Crop
243,0.12471391,0.11239299,0.16715479,0,-0.06662287,2.1856432,Non-Crop
244,0.14306667,0.16161285,0.2664529,0,-0.046175044,12.457439,Non-Crop
245,0.10385254,0.095474884,0.26735678,0,-0.062306166,25.388727,Non-Crop
246,0.20330413,0.2551387,0.36743343,0,0.001167188,4.94616,Non-Crop
247,0.18653439,0.19233903,0.3570771,1,-0.004944508,2.9467518,Crop
248,0.16390742,0.20230466,0.35005453,0,-0.015599129,3.919899,Non-Crop
249,0.21884733,0.24426188,0.30077124,0,-0.005547975,5.776307,Non-Crop
250,0.15688843,0.1809107,0.27747065,1,-0.041428167,2.1824753,Crop
251,0.18653439,0.22362901,0.37019822,0,-4.28E-04,2.4955034,Non-Crop
252,0.18319741,0.21495414,0.36596346,1,-0.012131485,1.4793458,Crop
253,0.17707874,0.21074353,0.31943083,0,-0.019047128,3.6066098,Non-Crop
254,0.1635987,0.1939639,0.32847345,0,-0.030446924,15.171984,Non-Crop
255,0.19700792,0.20562598,0.2759013,0,-0.018325089,1.1577064,Non-Crop
256,0.13540527,0.15502565,0.28048766,1,-0.043418296,3.8790348,Crop
257,0.17531328,0.21316198,0.38327983,1,-0.005187847,0.92740995,Crop
258,0.11461614,0.09754938,0.32457554,1,-0.07423136,0,Crop
259,0.16285667,0.19200057,0.2899099,0,-0.030294936,7.466692,Non-Crop
260,0.20588984,0.2602404,0.39099658,1,-0.006755967,3.5604942,Crop
261,0.16628231,0.19581142,0.31314498,0,-0.029954538,4.598781,Non-Crop
262,0.18229364,0.21186285,0.3272854,0,-0.0157733,2.182326,Non-Crop
263,0.20388234,0.24499166,0.34385478,1,-0.003857107,2.473129,Crop
264,0.20476238,0.25742173,0.36341053,1,-0.003654799,2.1807106,Crop
265,0.1755561,0.21039766,0.34335953,1,-0.022432806,20.159563,Crop
266,0.18269892,0.22900853,0.35604423,0,-0.01572719,3.879518,Non-Crop
267,0.19539,0.22427349,0.34306633,1,-0.01263382,0,Crop
268,0.1886873,0.21593241,0.3576443,0,-0.02398498,12.609322,Non-Crop
269,0.19912027,0.23545834,0.34034672,0,-0.007919167,5.547545,Non-Crop
270,0.15374228,0.18402627,0.30322886,0,-0.029527273,1.1510826,Non-Crop
271,0.14194265,0.1652974,0.29712462,0,-0.03827829,12.530008,Non-Crop
272,0.1669888,0.19652764,0.32670668,1,-0.018518226,2.4807727,Crop
273,0.18168344,0.22753331,0.38734132,0,-0.03773878,2.7802885,Non-Crop
274,0.18339686,0.23331955,0.33114898,0,-0.016083028,1.4769558,Non-Crop
275,0.19186306,0.21351403,0.3026443,0,-0.020026572,6.982205,Non-Crop
276,0.16102883,0.19489208,0.41036913,1,-0.02178676,0,Crop
277,0.21388032,0.26436782,0.39906108,0,0.006549669,14.397838,Non-Crop
278,0.16987541,0.20388521,0.32783544,1,-0.03068665,3.7047918,Crop
279,0.150294,0.15512271,0.32284513,1,-0.030353976,2.4908917,Crop
280,0.19369347,0.22663273,0.3572547,1,-0.001428253,0.92740995,Crop
281,0.15345691,0.19594002,0.34605,1,-0.031568732,0.92740995,Crop
282,0.15154812,0.1606105,0.2532121,1,-0.04107115,2.4906363,Crop
283,0.1618025,0.19339639,0.3331746,1,-0.026543044,1.48163,Crop
284,0.17766568,0.2223851,0.35767046,0,-0.015875207,2.9558697,Non-Crop
285,0.17251627,0.19113673,0.31296277,0,-0.023654766,4.9460845,Non-Crop
286,0.18670002,0.20704657,0.29478648,0,-0.016174823,4.7686543,Non-Crop
287,0.16221783,0.20748758,0.33207744,1,-0.020737715,2.9631586,Crop
288,0.20789927,0.22398883,0.29686898,0,-0.011147008,3.880867,Non-Crop
289,0.19768617,0.25949028,0.3785406,0,-0.008284746,2.951926,Non-Crop
290,0.22758953,0.27197036,0.40272444,0,0.008111714,22.45976,Non-Crop
291,0.1709117,0.19761676,0.38256043,0,-0.00275092,0.92740995,Non-Crop
292,0.19973804,0.2373999,0.3371672,1,-0.009646028,0,Crop
293,0.21226716,0.25726098,0.36017483,0,0.005633999,5.361088,Non-Crop
294,0.16523288,0.1925518,0.36575627,0,-0.010837362,2.4825084,Non-Crop
295,0.12334083,0.12251856,0.25320342,0,-0.05860869,9.552657,Non-Crop
296,0.26200795,0.3122191,0.4102978,0,0.011798652,1.1486558,Non-Crop
297,0.1824853,0.24240941,0.3716787,0,0.003442607,1.4785985,Non-Crop
298,0.20080371,0.24604867,0.37083808,0,-0.01967948,4.593492,Non-Crop
299,0.15306583,0.16589348,0.3337216,1,-0.04309901,2.474885,Crop
300,0.1511549,0.15911971,0.262442,0,-0.03792875,6.8563366,Non-Crop
301,0.19345114,0.25202644,0.39700937,1,-0.004182172,3.5650077,Crop
302,0.1800356,0.20556273,0.30268487,0,-0.015431833,11.2319,Non-Crop
303,0.17629954,0.2152262,0.33742288,1,-0.022391357,2.9621441,Crop
304,0.15767789,0.19876726,0.33905518,1,-0.04412856,1.8543341,Crop
305,0.1780973,0.2083051,0.34748733,0,-0.014047491,14.152601,Non-Crop
306,0.10289626,0.08233406,0.3345822,1,-0.097994715,0.92740995,Crop
307,0.17833674,0.21963903,0.38301694,1,-0.002510243,3.9160905,Crop
308,0.1508095,0.16475426,0.38167942,1,-0.03774916,2.4745767,Crop
309,0.20647258,0.2641132,0.38491637,0,-0.003626965,3.880013,Non-Crop
310,0.15040712,0.17522584,0.31875426,0,-0.026807118,0.92740995,Non-Crop
311,0.17173448,0.18508473,0.25527012,0,-0.020959808,0,Non-Crop
312,0.1728539,0.20651242,0.35700443,0,-0.011061024,7.7211614,Non-Crop
313,0.197738,0.23056105,0.40366244,0,0.003509586,2.4859889,Non-Crop
314,0.19678809,0.23709199,0.38476375,0,0.008556377,2.9520528,Non-Crop
315,0.1905591,0.23559442,0.3706513,0,-0.013047244,3.5731575,Non-Crop
316,0.20582248,0.24419244,0.38288185,1,0.010581378,2.7802885,Crop
317,0.17892295,0.21088864,0.3527021,0,-0.020335881,2.3000743,Non-Crop
318,0.17605785,0.21411122,0.32157096,1,-0.023389975,2.4820054,Crop
319,0.19574538,0.19629823,0.22125065,0,-0.010463093,0,Non-Crop
320,0.15687935,0.18461227,0.3270206,0,-0.02823176,0,Non-Crop
321,0.15287462,0.16741031,0.2997557,0,-0.034572136,12.458471,Non-Crop
322,0.15250525,0.17935207,0.3312916,1,-0.028764533,1.4815032,Crop
323,0.15855148,0.16958155,0.2878354,0,-0.02521133,6.8296647,Non-Crop
324,0.1546716,0.18086925,0.36642158,1,-0.022469424,2.184748,Crop
325,0.12006385,0.12015032,0.28699842,0,-0.05454242,19.484585,Non-Crop
326,0.13132337,0.13565853,0.3223803,1,-0.05008089,1.8543341,Crop
327,0.19981217,0.25589165,0.39533168,0,-0.0101635,8.793466,Non-Crop
328,0.223082,0.24296486,0.36872447,0,-5.96E-04,1.4843034,Non-Crop
329,0.17924419,0.2054664,0.366624,0,-0.021659018,2.1814868,Non-Crop
330,0.14963666,0.16324553,0.27751946,1,-0.03494713,0.92740995,Crop
331,0.18899326,0.22688591,0.35991678,1,-0.004747447,8.60569,Crop
332,0.16408272,0.20026094,0.33828175,0,-0.033478342,2.7802885,Non-Crop
333,0.19644181,0.24134545,0.3752337,0,0.012895633,6.8575435,Non-Crop
334,0.20735551,0.26989508,0.40244302,1,-0.005746823,7.9058094,Crop
335,0.17818795,0.22348373,0.35870188,1,-0.00397202,1.8543341,Crop
336,0.21748462,0.27539843,0.41772568,1,-0.010875155,2.3118687,Crop
337,0.15950048,0.1767275,0.22362716,0,-0.036142714,0,Non-Crop
338,0.16056845,0.19808611,0.33592153,0,-0.041165587,2.184997,Non-Crop
339,0.2101966,0.2600588,0.39128602,0,0.001692072,3.9104729,Non-Crop
340,0.20736717,0.26023015,0.3566001,1,-0.005947931,1.1473768,Crop
341,0.15058216,0.16256742,0.34384164,1,-0.044785075,0,Crop
342,0.19325233,0.23572467,0.38241655,1,0.010475264,3.0103583,Crop
343,0.17546853,0.19817778,0.32882652,0,-0.012827449,0,Non-Crop
344,0.14861763,0.17571372,0.30914938,1,-0.039266396,1.8543341,Crop
345,0.19843239,0.23535217,0.34009808,0,9.44E-04,4.694738,Non-Crop
346,0.2325036,0.2744971,0.366024,1,0.026685804,2.4873104,Crop
347,0.16377665,0.1951489,0.37643906,0,-0.03166936,10.096576,Non-Crop
348,0.17776728,0.21725026,0.36078498,0,-0.026496168,15.348429,Non-Crop
349,0.19290045,0.22403936,0.34845373,0,-0.011785925,14.821625,Non-Crop
350,0.16251744,0.21719149,0.34892932,1,-0.027696945,1.1495237,Crop
351,0.14933929,0.16642262,0.32930008,1,-0.026513644,1.8543341,Crop
352,0.16565038,0.20130251,0.3534888,1,-0.019588668,1.1469193,Crop
353,0.19529292,0.23458676,0.36954117,0,-0.001414624,2.306273,Non-Crop
354,0.1367874,0.18047687,0.36663654,1,-0.049875394,3.612708,Crop
355,0.22594924,0.2769603,0.38756788,0,0.012484455,7.792008,Non-Crop
356,0.21319483,0.24802697,0.38265336,1,-0.002185165,3.9299517,Crop
357,0.15517238,0.2014162,0.38346332,1,-0.0379257,2.3096542,Crop
358,0.21118864,0.24475853,0.34550214,0,-0.003954313,2.1807747,Non-Crop
359,0.15858632,0.17466977,0.29903623,0,-0.024876378,9.182066,Non-Crop
360,0.22825326,0.2636813,0.3269241,0,0.007815489,5.9082413,Non-Crop
361,0.20849438,0.26148584,0.39196935,0,0.010242491,5.82865,Non-Crop
362,0.19804668,0.22835776,0.32893306,0,0.023889767,1.8543341,Non-Crop
363,0.19855456,0.25315303,0.3654152,1,-0.006267585,4.3545303,Crop
364,0.20794737,0.25148347,0.35857165,1,0.0329903,1.8543341,Crop
365,0.1281295,0.13175668,0.29733157,1,-0.06264769,0.92740995,Crop
366,0.17926683,0.22453189,0.3960778,1,0.013557968,2.1832707,Crop
367,0.11514229,0.104476936,0.24790615,1,-0.06460433,3.5843391,Crop
368,0.18255113,0.21338955,0.37255576,1,-0.007604832,5.383552,Crop
369,0.18925029,0.21246904,0.35794204,0,-0.014151448,2.966466,Non-Crop
370,0.19149776,0.24198988,0.37815574,1,-0.001137638,3.5670202,Crop
371,0.176999,0.20415366,0.35672373,1,-0.015640836,5.368345,Crop
372,0.16012117,0.18868153,0.33249947,0,-0.02122896,8.814216,Non-Crop
373,0.20454298,0.23699397,0.37669507,1,-0.001388643,2.4887047,Crop
374,0.16269365,0.20862739,0.34072182,1,-0.011444367,2.2991998,Crop
375,0.15299517,0.16674176,0.28592977,0,-0.026894387,6.9063797,Non-Crop
376,0.1453448,0.17007406,0.31004786,1,-0.031874117,1.4820364,Crop
377,0.14522307,0.16195671,0.30396715,0,-0.035520937,9.844879,Non-Crop
378,0.21543282,0.24760668,0.32091504,0,-0.001877765,1.1481353,Non-Crop
379,0.20016126,0.24851903,0.3389212,1,-0.02014832,0.92740995,Crop
380,0.17125028,0.20926856,0.35170653,1,0.001844591,2.1828833,Crop
381,0.22732116,0.27350226,0.4017265,0,0.011603948,6.930901,Non-Crop
382,0.16441487,0.21074946,0.33340165,0,-0.029434318,4.767003,Non-Crop
383,0.17845932,0.2004788,0.40106982,1,-0.030668743,0,Crop
384,0.15004614,0.15937078,0.28878507,1,-0.031446557,6.520199,Crop
385,0.15555455,0.17306411,0.31411943,1,-0.02792521,1.4793876,Crop
386,0.18713005,0.2170209,0.34526408,1,-0.012981067,1.4844217,Crop
387,0.18019854,0.2069949,0.31772152,0,-0.026233723,3.6136749,Non-Crop
388,0.11747477,0.12487711,0.25727448,0,-0.054402698,20.712828,Non-Crop
389,0.19145183,0.23140547,0.3406493,0,-0.007909727,7.4662166,Non-Crop
390,0.2168167,0.26656124,0.3676496,1,5.74E-04,0,Crop
391,0.18138358,0.23697083,0.36883634,1,-0.019964047,0.92740995,Crop
392,0.18320367,0.21594507,0.355918,1,-0.015137837,3.7047918,Crop
393,0.18718232,0.19891733,0.274207,0,-0.021594048,2.1860075,Non-Crop
394,0.17016198,0.19901407,0.31560743,0,-0.011508402,8.457967,Non-Crop
395,0.20006712,0.2410214,0.34114102,0,0.001409569,2.4818072,Non-Crop
396,0.117290355,0.07963489,0.04385034,0,-0.064149335,0,Non-Crop
397,0.17176993,0.20340076,0.3458125,0,-0.02453383,0.92740995,Non-Crop
398,0.216964,0.2505292,0.33155003,0,-0.006061916,1.4841489,Non-Crop
399,0.17947565,0.22341861,0.35256058,1,-0.01448884,8.043306,Crop
400,0.1966492,0.23645963,0.36505595,0,-0.004964713,3.6045847,Non-Crop
401,0.14466164,0.15496382,0.296585,0,-0.038983718,7.3168387,Non-Crop
402,0.18492267,0.22784895,0.35137832,0,-0.014173303,10.028334,Non-Crop
403,0.15283437,0.18722522,0.34123397,1,-0.023509823,1.1551675,Crop
404,0.16393392,0.1916737,0.33381182,0,-0.015303643,9.833454,Non-Crop
405,0.15837786,0.20082244,0.34441113,1,-0.026757332,5.368163,Crop
406,0.12363075,0.12946299,0.27764314,0,-0.05430051,15.727836,Non-Crop
407,0.10314837,0.08116999,0.043399632,0,-0.06579471,0,Non-Crop
408,0.12479141,0.08766234,0.044372804,0,-0.045867413,0,Non-Crop
409,0.19690728,0.22249463,0.29095507,0,-0.012494817,0,Non-Crop
410,0.16459961,0.1998049,0.33046243,1,-0.039211486,2.7802885,Crop
411,0.16523756,0.18694249,0.30777216,1,-0.025964718,0,Crop
412,0.18325567,0.21166247,0.28722647,0,-0.02031804,9.471742,Non-Crop
413,0.17532305,0.21040495,0.36855698,1,-0.001406018,1.1478918,Crop
414,0.17184272,0.21381496,0.35612747,1,-0.016906729,1.8543341,Crop
415,0.11519671,0.11822043,0.25206432,0,-0.059768517,9.526739,Non-Crop
416,0.19139174,0.22948188,0.3936794,1,-0.00232145,10.050943,Crop
417,0.15357588,0.18070559,0.3117621,0,-0.019775663,5.6648827,Non-Crop
418,0.16172862,0.19094582,0.3441322,1,-0.028094674,1.4811271,Crop
419,0.18059368,0.20717123,0.36398908,1,-0.016725514,4.354144,Crop
420,0.17901279,0.223819,0.3525208,0,-0.006660839,2.484066,Non-Crop
421,0.19669332,0.2115099,0.29616928,1,-0.017544203,2.963367,Crop
422,0.15803069,0.18702868,0.30652297,1,-0.024076927,2.4895306,Crop
423,0.22440243,0.2742278,0.4071982,1,-1.36E-04,2.4882035,Crop
424,0.19539532,0.25586528,0.44312015,0,0.002484219,1.4794744,Non-Crop
425,0.20669846,0.24303213,0.34460533,1,-0.005415544,0,Crop
426,0.17257506,0.20861672,0.36606476,1,-0.007045266,2.7802885,Crop
427,0.20524631,0.2428929,0.38142386,1,-0.003975656,3.903971,Crop
428,0.12078148,0.118350655,0.2864243,0,-0.047014087,16.847898,Non-Crop
429,0.2010942,0.23562951,0.36660582,1,-0.006191166,2.180039,Crop
430,0.20419036,0.2423327,0.31300622,0,-0.008984859,5.1626344,Non-Crop
431,0.18343334,0.2136085,0.32973635,1,-0.010200533,2.9561834,Crop
432,0.1553994,0.20434608,0.36134136,1,-0.037290927,0.92740995,Crop
433,0.19466357,0.2404005,0.38012293,0,0.00544154,7.466197,Non-Crop
434,0.12961873,0.13945587,0.27283505,0,-0.036932535,4.6974607,Non-Crop
435,0.15440345,0.1722193,0.36475128,0,-0.02425472,1.4829102,Non-Crop
436,0.19728561,0.23147641,0.33650774,0,-0.006241918,2.4773107,Non-Crop
437,0.15010688,0.16421649,0.29345286,1,-0.024579281,1.1563257,Crop
438,0.17756453,0.20732372,0.33775383,0,-0.018869273,11.495247,Non-Crop
439,0.17629606,0.19913244,0.32614255,1,-0.026851956,0.92740995,Crop
440,0.11958994,0.11056854,0.25612223,0,-0.05570418,1.1574968,Non-Crop
441,0.14505194,0.16375938,0.32623827,0,-0.037916332,2.1831074,Non-Crop
442,0.15829687,0.17803603,0.29867616,0,-0.028190102,7.7198343,Non-Crop
443,0.20215257,0.23828243,0.36611655,0,-0.004139127,1.8543341,Non-Crop
444,0.17575535,0.22279407,0.35649496,0,-0.02571291,3.4464524,Non-Crop
445,0.2678994,0.3489578,0.47939962,0,0.015479599,6.0117984,Non-Crop
446,0.10387801,0.102481544,0.14986494,0,-0.06529846,8.09389,Non-Crop
447,0.1567396,0.17653522,0.31545946,0,-0.037466336,3.8781974,Non-Crop
448,0.19039059,0.22657427,0.36234373,0,-0.020125467,14.233456,Non-Crop
449,0.19062205,0.22065917,0.40202153,0,-0.011190856,2.7802885,Non-Crop
450,0.15906693,0.17282712,0.29256797,1,-0.03691507,2.303799,Crop
451,0.13048351,0.13798317,0.25272778,0,-0.045256842,6.93674,Non-Crop
452,0.14376138,0.14961463,0.31520995,1,-0.028384304,1.4826261,Crop
453,0.2428869,0.30775946,0.45621672,1,0.01940308,0.92740995,Crop
454,0.22706969,0.28663757,0.41731468,1,0.007962783,0,Crop
455,0.20815755,0.25768787,0.3766895,0,0.001459674,7.46591,Non-Crop
456,0.18362671,0.22212546,0.30107784,1,-0.02393633,2.4739988,Crop
457,0.12019092,0.11702279,0.36939025,1,-0.058671933,1.4816266,Crop
458,0.15683866,0.18281959,0.2804012,0,-0.02191961,11.41121,Non-Crop
459,0.17949718,0.21376659,0.3715672,1,-0.007622107,5.3569756,Crop
460,0.16970178,0.20163825,0.34404173,1,-0.011726735,0.92740995,Crop
461,0.20796147,0.2584322,0.3673675,1,-0.001529548,4.3647985,Crop
462,0.17583784,0.21150255,0.356977,1,-0.0146054,0,Crop
463,0.18438031,0.20750539,0.3604934,0,-0.024763383,4.4175477,Non-Crop
464,0.20782344,0.24440864,0.37655815,1,-0.023866585,3.878941,Crop
465,0.2027603,0.23867247,0.34737912,0,-0.002711041,5.7547584,Non-Crop
466,0.15807784,0.18475014,0.30057713,0,-0.019555869,3.5938299,Non-Crop
467,0.19472997,0.24247192,0.3245696,1,-0.012784616,1.4747466,Crop
468,0.19862413,0.24685425,0.3470642,1,-0.009276852,4.356796,Crop
469,0.19751504,0.2310816,0.33600235,1,-0.014428218,2.9480314,Crop
470,0.18887708,0.21891826,0.28296056,0,-0.03456459,2.4793684,Non-Crop
471,0.15352228,0.1679257,0.36300564,0,-0.010023781,5.165845,Non-Crop
472,0.15559167,0.17929524,0.32310522,1,-0.03205892,3.0073664,Crop
473,0.17672613,0.22905952,0.35231945,1,-0.02077062,0.92740995,Crop
474,0.1538523,0.17822929,0.2795847,0,-0.035554074,5.6643734,Non-Crop
475,0.14561579,0.1485773,0.42126113,1,-0.03651044,2.956645,Crop
476,0.14221026,0.1698438,0.33828583,0,-0.03720917,5.1667724,Non-Crop
477,0.22328995,0.26974487,0.3763761,1,0.002698255,1.4753952,Crop
478,0.17410573,0.19516878,0.3361106,0,-0.018832663,7.466224,Non-Crop
479,0.13577981,0.14497721,0.29771686,0,-0.04584662,11.414609,Non-Crop
480,0.12178875,0.1041546,0.35333452,1,-0.07545501,2.4942007,Crop
481,0.20767477,0.22432745,0.30942786,0,-0.008864481,1.4834992,Non-Crop
482,0.20735551,0.2743288,0.4273946,0,0.002301927,2.959192,Non-Crop
483,0.15913115,0.18987581,0.3388244,1,-0.026821943,1.8543341,Crop
484,0.107814394,0.09686685,0.2580357,0,-0.065978676,10.040791,Non-Crop
485,0.13142458,0.10847685,0.13295276,0,-0.049241267,3.7047918,Non-Crop
486,0.14992005,0.16005562,0.29035783,1,-0.032596573,0.92740995,Crop
487,0.15435028,0.17317988,0.30966267,1,-0.035857745,0.92740995,Crop
488,0.19416907,0.19423753,0.25326622,0,-0.014323652,0,Non-Crop
489,0.21809462,0.26237544,0.38184437,0,0.002134607,2.4733312,Non-Crop
490,0.20183489,0.24006955,0.34601617,1,0.010546378,2.483409,Crop
491,0.21516734,0.24299002,0.308441,0,-0.005141176,5.912478,Non-Crop
492,0.1257925,0.13805565,0.28766176,0,-0.050281093,13.630874,Non-Crop
493,0.1733284,0.20809574,0.35576594,1,-0.011757794,1.4763277,Crop
494,0.14339072,0.16889784,0.28871506,1,-0.041277874,1.8543341,Crop
495,0.16596721,0.1937249,0.3326246,0,-0.027143793,0.92740995,Non-Crop
496,0.2099243,0.24819106,0.34937653,1,-9.42E-04,2.1799538,Crop
497,0.1917291,0.21607085,0.31659296,0,-0.011741113,10.782077,Non-Crop
498,0.1715599,0.21894792,0.36384493,1,-0.00933165,2.1843452,Crop
499,0.21901281,0.2649127,0.39029443,0,0.00193493,3.563211,Non-Crop
500,0.15932132,0.18331483,0.34175545,1,-0.027899908,6.822562,Crop
501,0.11632957,0.09957679,0.09579262,0,-0.0443871,0,Non-Crop
502,0.2575405,0.31055653,0.4128047,0,0.014252559,6.361893,Non-Crop
503,0.2403922,0.25656223,0.368417,0,0.008402414,2.7802885,Non-Crop
504,0.15223077,0.14533477,0.3808476,1,-0.02979877,2.184695,Crop
505,0.101538315,0.09089982,0.20530832,1,-0.07582774,1.4834008,Crop
506,0.16342203,0.19380535,0.3348104,0,-0.012227701,4.6273675,Non-Crop
507,0.18963048,0.2196676,0.38033205,1,-6.36E-05,0.92740995,Crop
508,0.10582781,0.081079155,0.05105547,0,-0.058712322,0,Non-Crop
509,0.2267342,0.26215446,0.31966457,0,0.002774428,4.972126,Non-Crop
510,0.19074662,0.22210504,0.33401865,0,-0.010674608,19.85257,Non-Crop
511,0.10738153,0.096967705,0.26107383,0,-0.06328664,13.656262,Non-Crop
512,0.23969448,0.29725733,0.38436,1,0.006021883,1.146612,Crop
513,0.18087178,0.202362,0.27570206,0,-0.020349374,0,Non-Crop
514,0.17530318,0.22012442,0.31728074,1,-0.027057221,1.8543341,Crop
515,0.09567847,0.06484306,0.044382446,0,-0.07222391,0,Non-Crop
516,0.19624802,0.22801125,0.3165154,1,-0.002229148,1.4790761,Crop
517,0.19860695,0.2262401,0.3621371,0,-0.006101508,2.478717,Non-Crop
518,0.18142454,0.20472433,0.3574819,1,-0.016101358,0.92740995,Crop
519,0.15605707,0.2004848,0.34479818,1,-0.017135598,2.1831553,Crop
520,0.24530804,0.2757463,0.3636151,0,0.008676061,2.4920158,Non-Crop
521,0.117550805,0.1255563,0.27305123,0,-0.05039814,16.42031,Non-Crop
522,0.1739484,0.22095364,0.33920822,1,-0.023745663,1.148432,Crop
523,0.16601975,0.19998074,0.34981185,0,-0.028302385,5.7654295,Non-Crop
524,0.17875206,0.20771402,0.3233769,1,-0.019121697,2.960672,Crop
525,0.12794372,0.12106363,0.28298244,0,-0.050351586,9.403388,Non-Crop
526,0.18712857,0.24068877,0.38002154,1,-0.015241396,2.292387,Crop
527,0.17946887,0.23403156,0.3421083,1,-0.007660723,3.6036904,Crop
528,0.16005598,0.18941294,0.33236542,0,-0.01930408,2.9575822,Non-Crop
529,0.14097132,0.15956531,0.3124196,1,-0.044802643,3.572505,Crop
530,0.14342315,0.1607617,0.24862768,0,-0.02985308,2.183738,Non-Crop
531,0.19545779,0.2196889,0.37749466,1,0.002320583,1.1516821,Crop
532,0.1958217,0.23712571,0.38966236,0,0.014182757,2.183585,Non-Crop
533,0.12977572,0.16320868,0.28009218,1,-0.05548729,1.1483833,Crop
534,0.15664437,0.15598866,0.2332554,0,-0.013052743,11.572326,Non-Crop
535,0.15045053,0.16603018,0.3027292,0,-0.039655145,16.392447,Non-Crop
536,0.15528235,0.18897349,0.29875448,1,-0.040997487,1.474624,Crop
537,0.2256694,0.25628763,0.33047858,0,0.004473562,0.92740995,Non-Crop
538,0.15278758,0.17467238,0.2880978,0,-0.0514107,15.307164,Non-Crop
539,0.15603545,0.1851322,0.33562374,0,-0.02605798,6.8846436,Non-Crop
540,0.16757424,0.2065838,0.34926262,1,-0.02555519,1.1487005,Crop
541,0.17604217,0.2107396,0.33040994,0,-0.01942636,7.314534,Non-Crop
542,0.22511321,0.27181903,0.37784347,1,0.001433777,3.563786,Crop
543,0.17196563,0.17523554,0.35735416,1,-0.001395597,1.4831293,Crop
544,0.19363075,0.2367075,0.3701541,0,-0.013171131,2.1801496,Non-Crop
545,0.10336654,0.07847455,0.057473928,0,-0.0782171,0,Non-Crop
546,0.14976013,0.17818795,0.32584128,1,-0.02921307,3.5773692,Crop
547,0.22477822,0.28160894,0.4145597,1,0.006839631,3.905922,Crop
548,0.22283366,0.26803032,0.38727656,1,-0.004270408,0.92740995,Crop
549,0.10710038,0.101472944,0.31657097,1,-0.07282419,2.1847236,Crop
550,0.12708141,0.13040438,0.2567972,0,-0.04960881,14.199174,Non-Crop
551,0.17071289,0.20724848,0.31696063,0,-0.025127377,8.126828,Non-Crop
552,0.13406509,0.103798464,0.10905908,0,-0.049424503,0,Non-Crop
553,0.15274425,0.17220105,0.32419512,1,-0.034282047,3.0101635,Crop
554,0.18386127,0.21516709,0.3545258,1,-0.014149634,1.4752817,Crop
555,0.17632875,0.227455,0.3359565,1,-0.027943831,1.4749447,Crop
556,0.21034384,0.25725028,0.36825588,0,0.003497149,7.4661393,Non-Crop
557,0.14518394,0.18464021,0.3058018,1,-0.038280692,5.7228456,Crop
558,0.2124407,0.23396765,0.29595974,0,-0.008564532,2.966007,Non-Crop
559,0.16113107,0.2090102,0.32810682,0,-0.044161133,7.9174314,Non-Crop
560,0.15788417,0.2025348,0.35490072,1,-0.015441814,1.4796224,Crop
561,0.14360158,0.1513838,0.32289225,0,-0.031092985,5.7703032,Non-Crop
562,0.13915497,0.15489438,0.25782523,1,-0.037267104,1.4816234,Crop
563,0.14987524,0.15585436,0.2930212,0,-0.03724642,19.601156,Non-Crop
564,0.2076376,0.24993615,0.36261708,0,-0.006048802,6.9692154,Non-Crop
565,0.1640398,0.1804162,0.38775545,1,-0.01868251,2.4894223,Crop
566,0.19931635,0.21695,0.27279502,1,-0.01497821,2.7802885,Crop
567,0.20537865,0.23525813,0.3341567,0,-0.011678387,3.8807507,Non-Crop
568,0.17584394,0.23364109,0.36777127,0,0.011439458,5.6643395,Non-Crop
569,0.14274874,0.18286788,0.31085348,0,-0.04729394,10.27007,Non-Crop
570,0.21713418,0.24929948,0.38692746,0,0.004927182,9.803808,Non-Crop
571,0.15095952,0.1861394,0.3093592,1,-0.046154592,1.1552548,Crop
572,0.16498852,0.1970684,0.33723584,1,-0.020095829,2.4884117,Crop
573,0.17773968,0.22590071,0.38026017,1,-0.005377047,0.92740995,Crop
574,0.20277923,0.2222635,0.30381685,0,-0.008619075,0.92740995,Non-Crop
575,0.21215774,0.24919666,0.34121567,1,-0.007239758,0.92740995,Crop
576,0.1833716,0.20878333,0.29323363,1,-0.025156341,2.4908917,Crop
577,0.24380733,0.28863782,0.42775196,1,0.010609728,7.973956,Crop
578,0.18586412,0.22901587,0.35044032,1,-0.012412359,2.4905589,Crop
579,0.12747891,0.13853967,0.2582216,0,-0.04978357,19.022636,Non-Crop
580,0.14235502,0.15448245,0.30787852,0,-0.034440257,15.834807,Non-Crop
581,0.17811868,0.20556806,0.32624573,0,-0.011425964,8.481664,Non-Crop
582,0.12006611,0.1162638,0.25701606,0,-0.054141983,13.538045,Non-Crop
583,0.18312462,0.19415787,0.24760193,0,-0.01542565,2.1859965,Non-Crop
584,0.1645654,0.17689666,0.3414998,1,-0.019671246,1.4821242,Crop
585,0.19461326,0.25037247,0.39783034,1,0.012166194,2.1828985,Crop
586,0.3640055,0.38729608,0.3894999,0,0.03576441,2.9648092,Non-Crop
587,0.1612666,0.18237431,0.30880463,0,-0.031826098,2.478104,Non-Crop
588,0.2099326,0.23771973,0.37107265,0,-0.004121896,7.187752,Non-Crop
589,0.17590906,0.21198073,0.32827818,0,-0.017688042,3.4533496,Non-Crop
590,0.17472571,0.20902902,0.29614794,0,-0.014411986,10.344124,Non-Crop
591,0.13713162,0.13990372,0.28328303,0,-0.038492914,18.195702,Non-Crop
592,0.17834476,0.21675287,0.3400599,1,-0.013968769,2.473931,Crop
593,0.17706136,0.1887025,0.2422016,0,-0.021898251,3.5902512,Non-Crop
594,0.13297224,0.14868571,0.25951836,0,-0.049308505,12.248348,Non-Crop
595,0.11933528,0.11655652,0.27257136,0,-0.056044467,15.835294,Non-Crop
596,0.22655255,0.28952566,0.41757244,1,-0.001610471,2.180073,Crop
597,0.18524076,0.23620978,0.3706367,0,-0.009318673,3.574916,Non-Crop
598,0.2340166,0.2729362,0.36110246,0,0.008929331,0,Non-Crop
599,0.15365429,0.18036339,0.3012786,0,-0.029138325,4.3610325,Non-Crop
600,0.16733606,0.21462859,0.33558658,1,-0.014248207,1.4788003,Crop
601,0.15847006,0.18417823,0.2817415,1,-0.03430476,0.92740995,Crop
602,0.13390651,0.13972676,0.29087833,0,-0.03844677,8.272189,Non-Crop
603,0.21368198,0.2641944,0.390867,1,-0.001260263,1.4751021,Crop
604,0.14336659,0.16929692,0.3006423,0,-0.03417487,6.947943,Non-Crop
605,0.18307206,0.1848411,0.34228945,1,-0.015017116,4.3638597,Crop
606,0.22597976,0.2635598,0.35318545,0,-0.003631902,3.7047918,Non-Crop
607,0.24892871,0.2759142,0.3330064,0,0.010675483,2.4937801,Non-Crop
608,0.20513639,0.26327854,0.38477376,1,0.001897776,0.92740995,Crop
609,0.16245985,0.17862906,0.3385556,1,-0.026770353,1.1566013,Crop
610,0.1515831,0.18081412,0.3513834,1,-0.02618082,1.1563967,Crop
611,0.21397048,0.24868825,0.3316564,0,-0.001150345,2.307158,Non-Crop
612,0.20930092,0.2499965,0.33421224,0,-0.003589092,3.8781588,Non-Crop
613,0.14390801,0.14696907,0.28329697,0,-0.041966673,12.878639,Non-Crop
614,0.1657373,0.19188201,0.30990916,1,-0.021278672,1.8543341,Crop
615,0.23538752,0.26022822,0.3903144,0,0.016867014,11.233508,Non-Crop
616,0.17644721,0.2130708,0.3270874,0,-0.01856654,1.4781538,Non-Crop
617,0.16527076,0.19995683,0.37867317,0,-0.030356305,2.4833705,Non-Crop
618,0.15895842,0.1976641,0.33167303,1,-0.02613827,0.92740995,Crop
619,0.19326602,0.24278298,0.40026757,0,0.00927645,6.5252547,Non-Crop
620,0.21301052,0.2374021,0.30092135,0,-0.002775289,1.484093,Non-Crop
621,0.23896639,0.28234434,0.3772262,0,0.004530232,1.4784064,Non-Crop
622,0.19704354,0.24059907,0.34201962,0,-0.011012482,1.4757993,Non-Crop
623,0.14883007,0.1776934,0.29886022,0,-0.020468062,0,Non-Crop
624,0.24094206,0.28583908,0.39509428,0,0.003791726,7.396922,Non-Crop
625,0.17495117,0.21241227,0.3332831,1,-0.027759077,8.60802,Crop
626,0.13441974,0.14298794,0.29819554,1,-0.051960107,2.1852822,Crop
627,0.1632341,0.19118558,0.35522398,0,-0.024110332,1.4791211,Non-Crop
628,0.19443904,0.2208951,0.37560865,0,-0.002039753,3.4435356,Non-Crop
629,0.19869432,0.24683642,0.3876196,1,-0.004226515,3.4670289,Crop
630,0.1909425,0.20574443,0.3358379,0,-0.016716683,2.1863794,Non-Crop
631,0.19487852,0.22552025,0.35098037,1,-0.016790388,3.0079606,Crop
632,0.18672834,0.22599092,0.36573315,1,-0.016106347,1.4745455,Crop
633,0.18780828,0.23884566,0.3841438,1,-0.005179081,2.7802885,Crop
634,0.13906568,0.14621799,0.31728742,0,-0.045952585,11.118284,Non-Crop
635,0.1746808,0.20714487,0.3223878,1,-0.02591158,0,Crop
636,0.14084464,0.16378252,0.388597,1,-0.03734301,3.6122572,Crop
637,0.16813433,0.20338738,0.35683572,1,-0.01857236,1.4812924,Crop
638,0.16674636,0.2022068,0.37642425,1,-0.017544938,1.4816396,Crop
639,0.17385112,0.20308478,0.3576884,1,-0.011661726,4.6273675,Crop
640,0.14105296,0.17886631,0.36167285,1,-0.027922792,2.7802885,Crop
641,0.19072254,0.20061815,0.27960658,0,-0.019801619,2.4952302,Non-Crop
642,0.13335234,0.13035035,0.28726935,1,-0.064760275,2.4897237,Crop
643,0.18526338,0.22660132,0.35858145,1,-0.007631158,1.4763308,Crop
644,0.17428255,0.20328273,0.3335101,1,-0.021115363,3.5588706,Crop
645,0.16953318,0.20056184,0.34943676,1,-0.009749581,2.4801042,Crop
646,0.1798796,0.21931002,0.36299285,1,-9.21E-04,1.155796,Crop
647,0.17322618,0.20261754,0.33471882,1,-0.027132804,2.1855102,Crop
648,0.12536098,0.13968953,0.31338075,1,-0.048756275,0,Crop
649,0.20227914,0.25584367,0.34790057,0,-0.012590804,5.7984695,Non-Crop
650,0.26126966,0.33232656,0.4596208,0,0.01539568,4.6273675,Non-Crop
651,0.16884433,0.21853063,0.33283365,1,-0.036944997,2.4744415,Crop
652,0.18945447,0.1980635,0.25999588,0,-0.017134741,4.710649,Non-Crop
653,0.19066995,0.21199755,0.28249335,0,-0.022624735,1.4837581,Non-Crop
654,0.1047641,0.09339132,0.25666878,0,-0.06758762,21.51074,Non-Crop
655,0.20281377,0.220186,0.29223788,0,-0.008845289,3.5882678,Non-Crop
656,0.13584599,0.1387834,0.31585035,1,-0.046953954,3.0105755,Crop
657,0.11790282,0.13636278,0.29524073,1,-0.06440308,1.4780995,Crop
658,0.17810114,0.22579527,0.33927476,0,-0.019644246,12.562658,Non-Crop
659,0.19509113,0.21970838,0.31364483,0,-0.00938616,14.892492,Non-Crop
660,0.18892053,0.23069572,0.30346683,1,-0.015010168,2.475765,Crop
661,0.15913644,0.16970296,0.27739936,0,-0.020161662,5.069792,Non-Crop
662,0.15121473,0.1760533,0.30458087,0,-0.04126592,2.1830204,Non-Crop
663,0.18054976,0.21901806,0.37314048,0,-0.007659859,5.3732376,Non-Crop
664,0.20752414,0.2313814,0.2926911,0,-0.003655295,3.4688442,Non-Crop
665,0.16815288,0.21531929,0.3494408,1,-0.014467204,4.3557267,Crop
666,0.13831122,0.1459775,0.30808064,0,-0.036958933,2.1799815,Non-Crop
667,0.16940425,0.21029276,0.30850092,1,-0.02336612,0.92740995,Crop
668,0.14445835,0.15920535,0.3567199,1,-0.031488977,1.8543341,Crop
669,0.17913133,0.22689778,0.33894587,0,-0.01867039,11.345947,Non-Crop
670,0.12527367,0.12401986,0.26843297,0,-0.048192807,25.922033,Non-Crop
671,0.16651012,0.18722957,0.32318148,1,-0.029870296,3.007144,Crop
672,0.17156939,0.23004732,0.33409587,0,-0.02424458,4.4333367,Non-Crop
673,0.15638132,0.18926817,0.347651,1,-0.017060196,1.1525961,Crop
674,0.1951346,0.25102055,0.35237026,0,-0.008855988,3.877837,Non-Crop
675,0.16531947,0.18497777,0.26247412,0,-0.023352554,4.691315,Non-Crop
676,0.14654754,0.16297019,0.34744582,1,-0.045045335,0.92740995,Crop
677,0.1895289,0.21939163,0.34438914,1,-0.00387211,7.954795,Crop
678,0.21739069,0.25701055,0.37098846,1,-0.004215892,3.4669037,Crop
679,0.15681782,0.18390946,0.3861495,0,-0.027598435,5.9043593,Non-Crop
680,0.19510801,0.22279441,0.3713731,1,-0.002423036,5.3849735,Crop
681,0.21655586,0.2533047,0.3917532,0,0.002046786,7.4661283,Non-Crop
682,0.17640975,0.19276457,0.2724818,0,-0.019717522,3.5888479,Non-Crop
683,0.14140664,0.15482903,0.2892484,1,-0.054288935,1.481461,Crop
684,0.15233395,0.17381646,0.3025474,1,-0.04530671,2.3137398,Crop
685,0.16234094,0.20507734,0.35869822,1,-0.021898197,0.92740995,Crop
686,0.17964229,0.19903825,0.3887456,1,-0.006917258,4.691877,Crop
687,0.17723113,0.20836261,0.3315393,1,-0.02482141,9.247749,Crop
688,0.18445323,0.21529865,0.32329875,1,0.02502383,3.6135473,Crop
689,0.17419446,0.21708111,0.35230115,1,-0.015191625,2.951305,Crop
690,0.18069808,0.2136163,0.3494044,0,-0.014874591,12.739046,Non-Crop
691,0.17425865,0.21175854,0.33508137,1,-0.02934715,2.1799178,Crop
692,0.16428515,0.19913498,0.33972457,1,0.002973377,1.1553546,Crop
693,0.19618721,0.23067063,0.41399094,1,-0.004690286,4.3596125,Crop
694,0.20237406,0.25166422,0.39709473,1,-0.006413617,3.903673,Crop
695,0.19676416,0.25070027,0.35950226,1,-0.012299782,2.2947736,Crop
696,0.14217861,0.15036063,0.2765607,0,-0.039538782,7.13169,Non-Crop
697,0.18165043,0.21518227,0.34185335,1,0.00134864,6.0514946,Crop
698,0.20573923,0.2525132,0.38486177,1,-0.003605316,1.1473525,Crop
699,0.19090988,0.22329141,0.32710883,0,-0.018675692,2.181801,Non-Crop
700,0.12202961,0.086357355,0.11385586,0,-0.06781356,0,Non-Crop
701,0.17766348,0.18555449,0.31541532,0,-0.011679752,10.03151,Non-Crop
702,0.20076326,0.24617472,0.34695995,0,-0.013964289,5.547545,Non-Crop
703,0.19191892,0.22495958,0.34387454,0,-0.009934084,2.1811216,Non-Crop
704,0.24367017,0.27859533,0.34384468,0,0.007610512,2.3117518,Non-Crop
705,0.19615868,0.2354642,0.32300508,1,-0.00923404,2.1803284,Crop
706,0.16496307,0.16513714,0.19872697,0,-0.029554237,3.8806124,Non-Crop
707,0.1721383,0.19853555,0.31963402,0,-0.016808676,5.060026,Non-Crop
708,0.2140533,0.23962429,0.3245507,0,-0.007153608,1.8543341,Non-Crop
709,0.2103687,0.26104724,0.40107536,1,-0.005978905,1.4750454,Crop
710,0.14855145,0.1651657,0.3035117,0,-0.034588102,10.6456785,Non-Crop
711,0.118914865,0.13085203,0.26460484,0,-0.05589245,22.634605,Non-Crop
712,0.16320267,0.20164496,0.31334773,0,-0.032107186,4.7661586,Non-Crop
713,0.16132602,0.20243396,0.33890232,1,-0.039120167,1.8543341,Crop
714,0.14946371,0.1703963,0.3010096,1,-0.025966598,2.9567027,Crop
715,0.18746968,0.21049005,0.34842187,0,-0.008388542,9.452077,Non-Crop
716,0.13590923,0.14471103,0.30576852,0,-0.039597813,8.0214405,Non-Crop
717,0.1796164,0.20977414,0.33334258,1,-0.011432953,3.9068832,Crop
718,0.1965344,0.2583678,0.3909434,1,-0.009835718,2.1799538,Crop
719,0.12149441,0.1426269,0.26648223,0,-0.052891143,6.8583083,Non-Crop
720,0.15906651,0.1696541,0.30245143,0,-0.02623948,8.082592,Non-Crop
721,0.17618822,0.2032558,0.33641225,0,-0.009202618,3.008915,Non-Crop
722,0.20077103,0.23935218,0.36678478,0,-0.008819466,2.4753435,Non-Crop
723,0.20176147,0.25007084,0.3632822,0,-0.005411066,5.7586837,Non-Crop
724,0.13945882,0.14003435,0.29715234,0,-0.034371663,7.2014084,Non-Crop
725,0.18522686,0.21738496,0.29621306,0,-0.020412074,3.8782144,Non-Crop
726,0.17912845,0.23772816,0.37663502,0,0.003023615,4.767936,Non-Crop
727,0.17787327,0.2132241,0.31244394,0,-0.026684415,1.1568646,Non-Crop
728,0.20288752,0.21916096,0.30464277,0,-0.021754837,0,Non-Crop
729,0.13706985,0.14115365,0.28706786,1,-0.037791863,1.4824989,Crop
730,0.16534665,0.20321798,0.30044067,0,-0.031520076,3.4422448,Non-Crop
731,0.17777433,0.22496065,0.32946867,0,-0.02498411,3.0075104,Non-Crop
732,0.13785765,0.15035415,0.2594914,0,-0.055456743,17.728998,Non-Crop
733,0.17875731,0.21384875,0.34849334,1,-0.01417915,2.1842265,Crop
734,0.15801655,0.19907615,0.36195356,1,-0.018076085,0.92740995,Crop
735,0.1396643,0.14829011,0.27448758,0,-0.047370233,4.6808205,Non-Crop
736,0.17329718,0.19338343,0.33252496,0,-0.015486117,0,Non-Crop
737,0.1691756,0.19016254,0.3490565,0,-0.02061596,1.4799638,Non-Crop
738,0.20296352,0.26730365,0.40625006,1,0.010245903,3.010038,Crop
739,0.17290129,0.20755261,0.34515876,1,-0.014696864,1.1558211,Crop
740,0.20836635,0.24094139,0.3689813,1,-0.002459909,3.4661412,Crop
741,0.20232639,0.2469021,0.37838355,0,0.004942134,3.8787708,Non-Crop
742,0.12795204,0.09325737,0.045391217,0,-0.05599036,0,Non-Crop
743,0.14961047,0.17813317,0.34021157,1,-0.02791181,2.1846201,Crop
744,0.20512146,0.2576236,0.375931,1,-0.011379837,2.2949438,Crop
745,0.16300127,0.17583986,0.3316499,1,-0.024674071,4.6184936,Crop
746,0.17968135,0.22648235,0.3486918,1,-0.026377698,0,Crop
747,0.14208692,0.15721843,0.28815475,0,-0.03291166,5.0575724,Non-Crop
748,0.20836474,0.23197524,0.3641803,1,-0.0128967,3.557891,Crop
749,0.18166354,0.21813874,0.35247642,1,-0.01715985,1.1475916,Crop
750,0.15739417,0.17466515,0.3037621,0,-0.027536709,16.241402,Non-Crop
751,0.2516903,0.28937784,0.37864703,0,0.002084923,1.1512673,Non-Crop
752,0.17204873,0.20740248,0.32843262,0,-0.026811881,5.3639646,Non-Crop
753,0.16784486,0.1975979,0.29639688,0,-0.022065058,2.9505584,Non-Crop
754,0.15248352,0.18422762,0.32607186,1,-0.030935504,3.9166427,Crop
755,0.11899991,0.12380186,0.24575743,0,-0.045278978,2.1855478,Non-Crop
756,0.16729484,0.15433887,0.15099101,0,-0.026409298,0,Non-Crop
757,0.18267347,0.22650054,0.33910096,0,-0.018564377,1.8543341,Non-Crop
758,0.2035991,0.24095207,0.35248148,0,-0.004556343,1.4775349,Non-Crop
759,0.12841925,0.1318294,0.29297984,1,-0.043903176,2.9564397,Crop
760,0.17253412,0.20179226,0.2957278,1,-0.021544633,2.1823087,Crop
761,0.17576435,0.21166244,0.31577745,1,-0.017232357,0.92740995,Crop
762,0.14045115,0.14970963,0.25111315,0,-0.04466752,29.100552,Non-Crop
763,0.189437,0.23393644,0.40774977,0,0.004361433,4.7681255,Non-Crop
764,0.17752041,0.20903325,0.30729607,0,-0.012966088,6.8612394,Non-Crop
765,0.2059766,0.26051036,0.34912685,1,-0.009269592,1.475099,Crop
766,0.1856731,0.21316019,0.30342442,1,-0.014128014,1.4751809,Crop
767,0.17932849,0.21540634,0.29402027,1,-0.022006527,3.5575414,Crop
768,0.14943011,0.19778429,0.3284832,1,-0.03143011,0,Crop
769,0.18788955,0.23739584,0.33784848,1,-0.007313134,0.92740995,Crop
770,0.1877159,0.23340234,0.3262263,1,0.005460519,7.721354,Crop
771,0.18791921,0.23545834,0.38511294,1,-0.005639857,3.572339,Crop
772,0.15614675,0.19094566,0.3530648,1,-0.013354907,1.478058,Crop
773,0.19092616,0.24746071,0.35258642,1,-0.019756446,2.1801069,Crop
774,0.21922979,0.27848107,0.41150928,1,-0.001526854,1.4776018,Crop
775,0.13663124,0.13347721,0.3034911,1,-0.06053007,1.4827697,Crop
776,0.2126904,0.26451555,0.3752555,1,-0.007674231,3.5793874,Crop
777,0.14830649,0.15147687,0.3379389,1,-0.04041945,1.482809,Crop
778,0.15520757,0.16192174,0.3467301,1,-0.033906356,3.0100985,Crop
779,0.16326945,0.1949106,0.32641208,1,-0.033058256,3.5595827,Crop
780,0.23163892,0.26102194,0.3210113,0,-0.007028194,0.92740995,Non-Crop
781,0.19162259,0.2225955,0.36051065,1,-0.013248404,1.4781793,Crop
782,0.20622103,0.2463457,0.38755938,0,-0.003473417,5.162116,Non-Crop
783,0.20681138,0.24055807,0.3663027,1,-0.004912407,1.8543341,Crop
784,0.17043813,0.19508271,0.36114478,0,-0.025312811,7.809914,Non-Crop
785,0.19734533,0.24547245,0.38032958,0,-0.011752391,23.119064,Non-Crop
786,0.18531358,0.23046674,0.33892712,0,-0.019050028,15.67169,Non-Crop
787,0.21567804,0.26724494,0.41269448,0,0.006234671,0.92740995,Non-Crop
788,0.18690531,0.23973985,0.36568996,1,-0.013986893,1.4812957,Crop
789,0.15186092,0.16793177,0.3200655,0,-0.020138122,14.467681,Non-Crop
790,0.11606461,0.11076785,0.23485245,0,-0.050345648,8.595435,Non-Crop
791,0.1523097,0.1868009,0.2707019,0,-0.03479059,1.4750171,Non-Crop
792,0.15473236,0.18484211,0.30556387,1,-0.02571575,7.4669375,Crop
793,0.20532703,0.2251404,0.29856634,0,-0.013123167,0,Non-Crop
794,0.11143845,0.10666097,0.27567127,0,-0.06840359,8.226863,Non-Crop
795,0.17595743,0.20671873,0.34721693,0,-0.012355236,5.806086,Non-Crop
796,0.18447068,0.21519023,0.35155955,1,-0.005468709,5.547545,Crop
797,0.21691057,0.25523633,0.37471166,0,0.005381519,5.7594566,Non-Crop
798,0.20175858,0.24840623,0.37480503,1,-0.007492756,2.4745543,Crop
799,0.15361598,0.18739763,0.38965675,1,-0.02567148,1.8543341,Crop
800,0.18372017,0.21855682,0.32439438,0,-0.022467343,4.420459,Non-Crop
801,0.16796686,0.22128244,0.35142043,1,-0.023827365,2.292589,Crop
802,0.26003748,0.3165706,0.43127006,0,0.006109187,4.4332213,Non-Crop
803,0.21381915,0.2634098,0.3721678,0,-0.007539518,6.519592,Non-Crop
804,0.15288356,0.19446494,0.33241493,1,-0.036520787,3.0101733,Crop
805,0.1318294,0.14089303,0.36087245,0,-0.07694479,3.4613557,Non-Crop
806,0.20396626,0.25276548,0.37532386,0,-0.003397663,1.4772769,Non-Crop
807,0.20654152,0.26407996,0.36987624,0,3.80E-04,4.7665873,Non-Crop
808,0.16959816,0.20506354,0.34279576,0,0.011516853,0.92740995,Non-Crop
809,0.12965298,0.13509826,0.31049415,0,-0.048781414,12.245008,Non-Crop
810,0.12917896,0.13834485,0.26691183,0,-0.051560394,2.9528275,Non-Crop
811,0.16433829,0.18107462,0.34557927,1,-0.016784301,2.7802885,Crop
812,0.11198035,0.0778265,0.042886548,0,-0.052175157,0,Non-Crop
813,0.1871431,0.22774756,0.33445588,0,-0.021910727,4.4209027,Non-Crop
814,0.15485981,0.17226037,0.31131786,0,-0.023373673,2.3149626,Non-Crop
815,0.13920125,0.15196207,0.26335892,0,-0.03903433,8.258541,Non-Crop
816,0.18114612,0.21861985,0.3648303,0,-0.01920443,3.0104637,Non-Crop
817,0.13072975,0.13957745,0.28933665,0,-0.059345,2.1833055,Non-Crop
818,0.16032737,0.17333353,0.32737285,0,-0.03402753,6.396187,Non-Crop
819,0.17561118,0.19901113,0.3388185,0,-0.019891556,15.7472515,Non-Crop
820,0.19629891,0.24711351,0.38237512,0,-3.59E-04,5.1679807,Non-Crop
821,0.17415242,0.20648706,0.33919314,1,-0.002930371,2.489245,Crop
822,0.1760963,0.20133652,0.30719516,0,-0.019628283,11.20163,Non-Crop
823,0.1559382,0.19364998,0.3317136,0,-0.023799596,0,Non-Crop
824,0.16119415,0.18423675,0.34053007,0,-0.025398545,1.1591607,Non-Crop
825,0.1088227,0.10431993,0.26470956,0,-0.055975106,9.702743,Non-Crop
826,0.1531418,0.18040174,0.3052185,1,-0.017314631,0.92740995,Crop
827,0.17199942,0.21167202,0.33004555,0,-0.009341773,3.9186273,Non-Crop
828,0.16233699,0.1819523,0.2652247,1,-0.02742138,7.1842146,Crop
829,0.1630513,0.17719147,0.31715834,1,-0.021993142,1.4746429,Crop
830,0.29050568,0.32233402,0.39179808,1,0.014052386,4.437892,Crop
831,0.15457469,0.17091155,0.28746685,0,-0.02666763,7.4160056,Non-Crop
832,0.158171,0.19027765,0.3767951,0,-0.03936278,2.4869337,Non-Crop
833,0.18262354,0.23641531,0.35453337,1,-0.0073888,5.8346915,Crop
834,0.16718166,0.19809881,0.29249167,0,-0.023979174,15.279455,Non-Crop
835,0.18464093,0.20124836,0.30816662,1,-0.017029326,2.4717896,Crop
836,0.20669559,0.26032636,0.39967942,1,-0.001127422,4.675253,Crop
837,0.21303764,0.26128614,0.38277853,0,0.003089165,7.135264,Non-Crop
838,0.1899207,0.21544047,0.3581738,1,0.019214142,1.4790697,Crop
839,0.20671001,0.24401885,0.3613678,1,-0.004914046,0,Crop
840,0.16762759,0.18361881,0.2969612,0,-0.02400218,8.961024,Non-Crop
841,0.14626431,0.16023894,0.25750822,0,-0.04479805,11.116459,Non-Crop
842,0.17994161,0.20131636,0.32704479,0,-0.01638493,3.615168,Non-Crop
843,0.24494876,0.28068787,0.3822112,0,0.008260758,10.645141,Non-Crop
844,0.15379392,0.17440717,0.33312526,0,-0.03876648,5.9130607,Non-Crop
845,0.18072268,0.22222668,0.3047035,0,-0.015485949,6.8103127,Non-Crop
846,0.23878235,0.25339866,0.35264298,0,0.01260073,1.1563716,Non-Crop
847,0.1801847,0.22490714,0.35253963,0,-0.020410538,0.92740995,Non-Crop
848,0.17445002,0.20590663,0.35755613,1,0.002763184,1.8543341,Crop
849,0.16713873,0.19861546,0.34227315,0,-0.033722274,3.8809032,Non-Crop
850,0.21145807,0.25873095,0.36530292,0,-0.005643484,0.92740995,Non-Crop
851,0.10085742,0.08640271,0.30840862,0,-0.07258283,29.776146,Non-Crop
852,0.18447523,0.21535408,0.32007065,1,-0.014143956,3.0070777,Crop
853,0.2104361,0.24427828,0.41682953,0,0.03442735,3.922143,Non-Crop
854,0.144274,0.1674132,0.3269987,1,-0.040342685,2.3125112,Crop
855,0.20379837,0.22316699,0.3299545,1,-0.014860358,1.4826587,Crop
856,0.14084464,0.16767108,0.28429922,0,-0.031375512,13.595562,Non-Crop
857,0.18248437,0.20343657,0.28801286,0,-0.026041918,2.185832,Non-Crop
858,0.17994446,0.21986048,0.39009535,0,-0.009459115,5.745883,Non-Crop
859,0.1287494,0.115283415,0.14477152,0,-0.055321034,1.4832077,Non-Crop
860,0.15130934,0.17397742,0.30064064,1,-0.033069104,5.05513,Crop
861,0.13660073,0.1561772,0.34615448,1,-0.057870142,1.1552132,Crop
862,0.1148283,0.11583173,0.24905576,0,-0.05432767,6.5651937,Non-Crop
863,0.23645626,0.27427635,0.36420512,0,-0.006905558,13.324211,Non-Crop
864,0.26248956,0.28687626,0.38267362,0,0.007484932,2.3170114,Non-Crop
865,0.13478084,0.10286052,0.05351027,0,-0.043231003,0,Non-Crop
866,0.20881885,0.23184964,0.31967932,0,-0.017473765,1.4828122,Non-Crop
867,0.25708336,0.28916833,0.33306235,0,0.007392797,3.6152697,Non-Crop
868,0.16017874,0.17672613,0.2807982,0,-0.03247256,4.3564444,Non-Crop
869,0.22320183,0.24528837,0.30421126,0,-0.001915243,5.7734375,Non-Crop
870,0.20529032,0.22696823,0.34489134,0,-0.008990105,4.7181277,Non-Crop
871,0.19844812,0.24138926,0.34322917,1,-0.015638266,0,Crop
872,0.16305174,0.19243588,0.32174748,0,-0.024101514,2.4839895,Non-Crop
873,0.10857494,0.07149574,0.05642686,0,-0.0702434,0,Non-Crop
874,0.18963683,0.21002738,0.37474325,1,0.002106129,0.92740995,Crop
875,0.15287225,0.18577048,0.35282192,1,-0.021181267,2.492179,Crop
876,0.1938013,0.23070246,0.36116678,1,-0.018829774,1.4790248,Crop
877,0.22449823,0.24692279,0.4091588,0,0.003121008,7.466531,Non-Crop
878,0.1320274,0.13812165,0.24960357,0,-0.04503914,16.419655,Non-Crop
879,0.20200048,0.24451607,0.33577773,0,-0.00976426,6.5196176,Non-Crop
880,0.12944587,0.14224346,0.25130016,0,-0.043626066,4.6878223,Non-Crop
881,0.1983068,0.267001,0.43531063,1,0.001030276,1.4812309,Crop
882,0.17187859,0.21818832,0.36149198,1,-0.02937879,1.4825804,Crop
883,0.13901609,0.15538046,0.28381872,0,-0.045653466,6.8552947,Non-Crop
884,0.15315032,0.18156591,0.3810955,1,-0.022496907,1.4819517,Crop
885,0.11690769,0.11213021,0.24215288,0,-0.06484319,5.373069,Non-Crop
886,0.15858945,0.16430272,0.3160993,0,-0.030844161,13.693345,Non-Crop
887,0.114118665,0.12280902,0.24473801,0,-0.057426933,4.76812,Non-Crop
888,0.14274184,0.16766886,0.3157467,1,-0.033540387,6.0035076,Crop
889,0.16308951,0.19354837,0.3205674,0,-0.024214413,1.4787747,Non-Crop
890,0.1864608,0.22365804,0.3599004,1,-0.010099658,2.49287,Crop
891,0.15565637,0.18288028,0.31932107,0,-0.030960198,4.356312,Non-Crop
892,0.14900288,0.15821773,0.31560564,1,-0.03833418,0.92740995,Crop
893,0.18838872,0.23524241,0.38742113,1,-0.011891382,7.3163285,Crop
894,0.17884915,0.20624591,0.35906112,1,-0.006861277,1.4787554,Crop
895,0.1774484,0.21558683,0.27122426,1,-0.03447459,1.4751021,Crop
896,0.18287596,0.22022384,0.3548581,0,-0.018508278,6.464861,Non-Crop
897,0.1503887,0.17906924,0.30447948,1,-0.029338418,1.156986,Crop
898,0.17523989,0.19959016,0.33459657,1,-0.008286908,0.92740995,Crop
899,0.1810234,0.20287873,0.32866704,0,-0.019798426,6.856003,Non-Crop
900,0.20702502,0.23669933,0.3356252,1,-0.018151276,1.4754835,Crop
901,0.18133408,0.20857595,0.356377,0,-0.013983434,5.764059,Non-Crop
902,0.24507199,0.29548442,0.41438645,1,0.014434822,0.92740995,Crop
903,0.19521399,0.22001386,0.37206155,0,-0.006506518,2.4850993,Non-Crop
904,0.17238694,0.21087383,0.35290813,1,-0.007340811,1.4817761,Crop
905,0.18359752,0.21813893,0.30344614,1,-0.020282961,2.1802816,Crop
906,0.14990973,0.1920558,0.3266219,1,-0.02619409,4.426436,Crop
907,0.14018974,0.16186139,0.307488,0,-0.039313734,4.3580585,Non-Crop
908,0.17640825,0.19944027,0.2665748,0,-0.015609028,6.0275526,Non-Crop
909,0.15275666,0.17180304,0.35353336,1,-0.025858426,2.1797392,Crop
910,0.11969636,0.11381638,0.3055899,0,-0.050223064,20.075981,Non-Crop
911,0.15261905,0.17084326,0.27722105,0,-0.029730521,27.542173,Non-Crop
912,0.15243456,0.1680553,0.3179526,1,-0.025785469,2.1844308,Crop
913,0.23515014,0.26645708,0.3475033,1,0.004614398,0.92740995,Crop
914,0.16031112,0.1932443,0.32322606,1,-0.021526998,0,Crop
915,0.24103108,0.28375736,0.35741717,0,-9.27E-04,5.1694374,Non-Crop
916,0.115086704,0.12169567,0.27087662,0,-0.058327436,14.235532,Non-Crop
917,0.13260458,0.13348414,0.2990998,0,-0.049644355,16.864931,Non-Crop
918,0.16562866,0.19794632,0.3200694,1,-0.02098756,2.7802885,Crop
919,0.21397837,0.2385315,0.30184498,0,-0.010104755,3.0113435,Non-Crop
920,0.15111762,0.18621466,0.30590472,1,-0.032566458,3.930525,Crop
921,0.1443044,0.1534966,0.35987467,0,-0.036265396,2.3173985,Non-Crop
922,0.17397046,0.20319131,0.37876046,1,-0.002282217,2.4892988,Crop
923,0.19110647,0.21938047,0.37404114,0,-0.006599782,4.361163,Non-Crop
924,0.12871087,0.12350104,0.3127428,0,-0.05253378,26.126469,Non-Crop
925,0.2099503,0.22862954,0.33046383,0,-0.008803085,1.4829004,Non-Crop
926,0.18207327,0.21581882,0.36595297,1,-0.019505706,1.15518,Crop
927,0.12386507,0.13708761,0.29124865,0,-0.053906698,10.034203,Non-Crop
928,0.14976759,0.16209824,0.31478888,0,-0.030883862,7.723148,Non-Crop
929,0.18114592,0.21437876,0.34683332,1,-0.01890228,2.4744415,Crop
930,0.16788864,0.20155343,0.3597844,1,-0.011964791,0,Crop
931,0.16466697,0.21308762,0.35074806,0,-0.023575664,3.5656662,Non-Crop
932,0.15575778,0.16397211,0.3024733,0,-0.025667597,1.1586976,Non-Crop
933,0.18103488,0.2174989,0.32855156,1,-0.016953174,3.0074842,Crop
934,0.15657589,0.18674283,0.34646443,1,-0.04206025,1.1522046,Crop
935,0.18167347,0.22925627,0.35948133,1,-0.009302788,3.4738455,Crop
936,0.20332092,0.23971856,0.3385939,0,-0.007605384,2.7802885,Non-Crop
937,0.19007626,0.21586058,0.36190438,1,0.002706515,1.1566598,Crop
938,0.120438695,0.120704725,0.2785853,0,-0.07080254,6.464861,Non-Crop
939,0.1832895,0.20884712,0.35094193,1,-0.012670165,0,Crop
940,0.1953084,0.23615609,0.3252173,1,-0.006404044,1.1514438,Crop
941,0.13820598,0.15311395,0.34478584,1,-0.038440526,2.4897623,Crop
942,0.13778934,0.15730703,0.28008908,0,-0.04956411,3.8798575,Non-Crop
943,0.18780272,0.2395011,0.3804756,0,0.010004592,2.7802885,Non-Crop
944,0.21652427,0.23133814,0.33266503,0,-7.15E-04,2.1854038,Non-Crop
945,0.19452623,0.23943594,0.34218416,1,0.001867719,8.128139,Crop
946,0.13621828,0.15071766,0.34230918,0,-0.04884607,24.252409,Non-Crop
947,0.20043388,0.23309758,0.34136164,0,9.79E-04,3.907076,Non-Crop
948,0.14265004,0.15702383,0.2957853,1,-0.035932016,1.1558669,Crop
949,0.1818993,0.20686279,0.3535405,0,0.006223858,6.939823,Non-Crop
950,0.11489726,0.11089801,0.24321245,0,-0.060956907,15.070343,Non-Crop
951,0.15589313,0.18324848,0.3614444,1,-0.020299098,2.1820147,Crop
952,0.09757303,0.067182995,0.044486374,0,-0.07332264,0,Non-Crop
953,0.2431008,0.26878265,0.36815834,0,0.005084105,1.158147,Non-Crop
954,0.117609106,0.11332846,0.2514957,0,-0.055763897,1.4795002,Non-Crop
955,0.20453633,0.24375504,0.3448262,0,-9.45E-04,5.758381,Non-Crop
956,0.21833722,0.23981564,0.37404338,1,0.020281937,2.1846817,Crop
957,0.23845689,0.27053282,0.33941498,0,0.001088678,0,Non-Crop
958,0.211875,0.22511071,0.35713908,0,-0.008375841,9.557939,Non-Crop
959,0.11201296,0.07226542,0.051976644,0,-0.06411384,0,Non-Crop
960,0.21425028,0.2551559,0.36304975,1,0.003514409,4.6824756,Crop
961,0.19619034,0.24012998,0.32005298,1,-0.010095609,1.1476078,Crop
962,0.12390901,0.12491577,0.13279429,0,-0.0635425,1.1582057,Non-Crop
963,0.21596737,0.23768587,0.35442257,1,0.030287778,0.92740995,Crop
964,0.17042549,0.20542254,0.34514576,1,5.19E-04,2.7802885,Crop
965,0.15620737,0.1953771,0.3387316,1,-0.016231317,6.383723,Crop
966,0.15145022,0.14521219,0.28228533,0,-0.044951513,1.4840733,Non-Crop
967,0.14676152,0.16747549,0.31743863,1,-0.036649983,2.1828594,Crop
968,0.21106917,0.27450928,0.42183954,1,0.019835174,2.961735,Crop
969,0.21644506,0.28983673,0.41024327,1,-0.011086501,5.9059253,Crop
970,0.1696332,0.19216518,0.34811786,1,0.012294278,0.92740995,Crop
971,0.17579696,0.19856052,0.36373797,1,-0.01819988,1.8543341,Crop
972,0.10300341,0.078086354,0.057749934,0,-0.062797196,0,Non-Crop
973,0.16962652,0.18672076,0.31315833,0,-0.020868761,9.264745,Non-Crop
974,0.1897514,0.23156637,0.35782957,1,-0.009948825,2.1800687,Crop
975,0.20106183,0.2400095,0.381502,1,0.010023413,1.4818347,Crop
976,0.18976988,0.22117372,0.35584378,1,-0.020480884,1.1523199,Crop
977,0.1063105,0.103070036,0.23572154,0,-0.06263195,4.680932,Non-Crop
978,0.14479433,0.17463045,0.30926606,1,-0.047506265,1.1517931,Crop
979,0.14437917,0.17164718,0.2666949,0,-0.03783616,10.587656,Non-Crop
980,0.17501566,0.21688557,0.36089557,1,-0.007944093,2.1843824,Crop
981,0.15866345,0.20516278,0.36175534,1,-0.041198898,1.8543341,Crop
982,0.16918188,0.18002105,0.27957737,0,-0.026141318,0.92740995,Non-Crop
983,0.1948304,0.23384757,0.31338552,1,-0.014620412,2.293664,Crop
984,0.15937078,0.2054696,0.37176389,1,-0.014383362,0,Crop
985,0.17557885,0.18950072,0.3251876,0,-0.011248495,6.026276,Non-Crop
986,0.14996348,0.18743794,0.34080958,0,-0.058252852,3.0099664,Non-Crop
987,0.20019175,0.24738443,0.37620562,0,-0.006498696,3.8796458,Non-Crop
988,0.1052669,0.07469876,0.052054055,0,-0.07746202,0,Non-Crop
989,0.1296293,0.1682849,0.3312573,1,-0.05806734,5.379017,Crop
990,0.13545072,0.13983172,0.3331105,1,-0.05291115,1.4820364,Crop
991,0.18889599,0.21211198,0.32182628,0,-0.019292573,5.842827,Non-Crop
992,0.19225861,0.2297881,0.35264704,0,-0.009669541,7.3456483,Non-Crop
993,0.12144812,0.12231208,0.27433002,0,-0.05993169,1.8543341,Non-Crop
994,0.12362306,0.09279458,0.09959891,0,-0.055426046,0,Non-Crop
995,0.17016147,0.19614096,0.28647697,0,-0.020476175,16.232857,Non-Crop
996,0.21910252,0.24113765,0.30675432,0,-0.001207265,4.442558,Non-Crop
997,0.1932339,0.23061599,0.35950306,1,-0.004320057,3.6053517,Crop
998,0.16730516,0.19340992,0.32165316,0,-0.02387305,14.456419,Non-Crop
999,0.16043057,0.19704007,0.32707608,0,-0.024120541,1.4787266,Non-Crop
