idx,B11,B12,B2,B3,B4,B5,B6,B7,B8,B8A,class,lat,lon,desc
1,0.3473,0.2832,0.1149,0.121,0.1502,0.1756,0.212,0.2367,0.2336,0.2642,2,-27.2894197,27.75636086,"sa-corn-sugar-other-samples, Dataset, fetch-sentinel"
2,0.26545,0.17385,0.1033,0.0994,0.1105,0.1347,0.17485,0.19845,0.19745,0.22885,2,-26.72988771,27.66293294,
3,0.27315,0.18685,0.1212,0.11575,0.12825,0.149,0.22775,0.2574,0.25465,0.2815,0,-28.07218875,28.2922628,
4,0.33225,0.27405,0.124,0.1368,0.16895,0.18565,0.21085,0.2339,0.231,0.25885,0,-28.25003412,28.10951473,
5,0.20955,0.1121,0.1016,0.1017,0.0871,0.12605,0.29835,0.3503,0.33885,0.37215,0,-28.0708547,27.72761932,
6,0.2226,0.1567,0.0984,0.0888,0.0905,0.1055,0.155,0.181,0.1838,0.2026,0,-27.74273666,28.31955184,
7,0.2507,0.16445,0.1099,0.11455,0.1068,0.14705,0.25915,0.2956,0.28735,0.31775,0,-28.10867037,27.68660888,
8,0.3051,0.1913,0.1495,0.15435,0.1531,0.19975,0.28765,0.3284,0.3278,0.35755,0,-27.95136458,28.75504688,
9,0.2094,0.1141,0.1056,0.0934,0.0967,0.1194,0.1709,0.1921,0.1864,0.208,0,-26.61647023,28.76910577,
10,0.2713,0.1664,0.10815,0.1093,0.10755,0.14205,0.23045,0.26485,0.2624,0.29155,0,-27.54575378,28.06303604,
11,0.306,0.2353,0.1213,0.1232,0.1413,0.1669,0.2082,0.2336,0.2354,0.2613,0,-27.8933902,28.14918386,
12,0.3053,0.2408,0.1198,0.1122,0.1235,0.1542,0.2148,0.248,0.242,0.2792,0,-27.01014779,29.13770579,
13,0.2312,0.13805,0.09765,0.09595,0.08595,0.1238,0.2463,0.2861,0.2846,0.3083,0,-27.69327231,28.16162319,
14,0.2124,0.14865,0.09445,0.0895,0.0862,0.1085,0.1462,0.16365,0.16435,0.18475,0,-28.01565016,28.62774993,
15,0.2428,0.1445,0.0948,0.0908,0.0847,0.1171,0.2194,0.2576,0.2615,0.279,0,-27.68550619,28.59594897,
16,0.3379,0.2257,0.1177,0.1197,0.1294,0.1548,0.2235,0.2547,0.2478,0.2827,0,-28.285334,27.73905059,
17,0.25585,0.1919,0.1112,0.10785,0.12745,0.1464,0.19575,0.22155,0.22265,0.25415,2,-26.60313991,29.320486,
18,0.3573,0.2749,0.1332,0.1315,0.1545,0.1802,0.2155,0.2407,0.2394,0.2712,0,-27.09821529,27.88454873,
19,0.2778,0.2173,0.1129,0.1056,0.1223,0.138,0.1974,0.219,0.2093,0.245,2,-27.86003966,28.98349132,
20,0.2855,0.178,0.101,0.1071,0.1113,0.1555,0.2258,0.2635,0.2635,0.3028,0,-27.5518568,29.45816013,
21,0.27755,0.20145,0.10345,0.1001,0.1152,0.1325,0.17,0.1927,0.19245,0.21895,2,-26.90127744,28.41387156,
22,0.2287,0.17615,0.10565,0.09855,0.11335,0.13085,0.1685,0.189,0.19125,0.21095,0,-26.56786858,29.34475993,
23,0.23475,0.145,0.10465,0.10255,0.1088,0.14025,0.20955,0.23755,0.24165,0.2755,0,-28.27496515,29.07771582,
24,0.2503,0.1864,0.1062,0.0986,0.1122,0.135,0.2116,0.239,0.2438,0.2705,0,-27.29090153,29.2723006,
25,0.28685,0.20255,0.12055,0.1262,0.1297,0.16525,0.24825,0.2817,0.27695,0.31365,2,-27.18846072,27.73253557,
26,0.2806,0.18725,0.10925,0.09915,0.1109,0.12545,0.18195,0.20575,0.2043,0.22885,0,-27.04543711,29.06796259,
27,0.2718,0.1804,0.1156,0.1055,0.1074,0.1327,0.1995,0.2319,0.2305,0.2635,0,-28.1324997,28.42371081,
28,0.2344,0.13545,0.09725,0.08705,0.08345,0.1107,0.21495,0.25825,0.26105,0.2877,0,-27.85968276,28.69444441,
29,0.23265,0.1392,0.09895,0.09125,0.0923,0.1164,0.16775,0.1936,0.19545,0.22365,0,-27.96091715,28.63188074,
30,0.29635,0.2262,0.12215,0.1191,0.1456,0.1708,0.20295,0.22795,0.23185,0.26245,0,-26.81508193,29.12962181,
31,0.23705,0.1517,0.10115,0.09455,0.09005,0.11485,0.20605,0.2395,0.23525,0.2643,0,-27.86195566,28.7588607,
32,0.3322,0.26525,0.1208,0.1227,0.1505,0.16885,0.2163,0.24465,0.2466,0.27145,0,-27.65366912,29.13108765,
33,0.2841,0.1952,0.1229,0.1229,0.1362,0.1681,0.2585,0.2936,0.2865,0.319,2,-27.02668388,28.27076238,
34,0.32605,0.2315,0.1142,0.12055,0.12825,0.16455,0.2362,0.26435,0.27205,0.2984,0,-27.88852234,28.55432486,
35,0.3225,0.2362,0.12725,0.127,0.1361,0.16175,0.21945,0.24775,0.2456,0.27895,2,-27.17889892,27.77480933,
36,0.3545,0.2842,0.1345,0.1451,0.1753,0.2058,0.2783,0.3127,0.3047,0.3391,0,-27.83584822,27.92551881,
37,0.2563,0.1794,0.107,0.108,0.1178,0.1475,0.2069,0.2343,0.2315,0.2638,2,-26.84027063,28.55109958,
38,0.29405,0.2351,0.12535,0.12165,0.1306,0.1472,0.18615,0.2027,0.2061,0.21955,2,-27.17453675,27.70922371,
39,0.2603,0.1623,0.1192,0.1108,0.1235,0.1426,0.199,0.2208,0.2178,0.2445,0,-26.91128957,28.81533949,
40,0.24525,0.16605,0.10675,0.1041,0.1145,0.1386,0.2122,0.2411,0.24175,0.27465,2,-27.13317985,28.72385223,
41,0.3263,0.24045,0.11575,0.12555,0.16045,0.18455,0.23525,0.2649,0.2599,0.2965,0,-27.27208556,27.57880999,
42,0.26645,0.1455,0.10575,0.10485,0.1098,0.1426,0.22005,0.25465,0.24955,0.2887,0,-26.61474849,28.28034814,
43,0.2654,0.16095,0.10675,0.105,0.0979,0.1344,0.2171,0.24885,0.2435,0.27685,0,-27.28305113,28.07428915,
44,0.2454,0.1612,0.1063,0.0937,0.0937,0.1252,0.1711,0.1926,0.1913,0.216,0,-28.13605506,28.13939858,
45,0.25155,0.15425,0.0965,0.09425,0.0882,0.12175,0.18895,0.2138,0.21185,0.2357,0,-28.39863914,27.93652772,
46,0.26805,0.18625,0.10595,0.09845,0.11655,0.13125,0.25225,0.307,0.3021,0.3319,2,-26.96254193,29.05497717,
47,0.2362,0.1337,0.0957,0.0942,0.0889,0.1204,0.1948,0.2178,0.2205,0.2373,0,-27.51688516,28.75383238,
48,0.23315,0.15015,0.10875,0.1026,0.10485,0.12615,0.19005,0.22085,0.21875,0.24925,2,-27.92604144,28.35470996,
49,0.2729,0.1946,0.1032,0.0963,0.1111,0.1269,0.1491,0.1675,0.169,0.1924,2,-27.06218536,28.39646934,
50,0.2809,0.2079,0.1078,0.1027,0.1162,0.1318,0.1595,0.1796,0.1761,0.2028,0,-28.23057562,28.88169997,
51,0.3685,0.3031,0.1441,0.155,0.1993,0.2196,0.253,0.2805,0.2782,0.3124,2,-26.99610292,27.93486377,
52,0.31425,0.2574,0.1409,0.1285,0.1446,0.1587,0.1795,0.19955,0.202,0.22865,2,-27.14509458,27.76317029,
53,0.2212,0.1563,0.0956,0.0861,0.0893,0.1136,0.1497,0.1719,0.166,0.1949,0,-26.66972317,27.74755418,
54,0.2445,0.1546,0.1129,0.1021,0.0999,0.125,0.192,0.2175,0.2158,0.238,0,-28.06563777,27.59061804,
55,0.32255,0.236,0.13165,0.1297,0.16145,0.1737,0.2067,0.23345,0.23695,0.27195,0,-26.71537709,29.34082286,
56,0.2396,0.17895,0.1013,0.08925,0.09745,0.1049,0.12635,0.13955,0.14055,0.1552,0,-26.68943182,29.40591167,
57,0.2506,0.1509,0.105,0.098,0.10005,0.13095,0.1896,0.2151,0.21485,0.24475,0,-27.15187067,28.26835523,
58,0.3149,0.2176,0.1214,0.1258,0.1405,0.1688,0.2365,0.2641,0.2683,0.2875,0,-27.32006768,28.72904103,
59,0.31415,0.24615,0.1076,0.1107,0.14225,0.1588,0.18505,0.2069,0.2002,0.22775,2,-26.696389,28.25432356,
60,0.234,0.1594,0.106,0.0921,0.0942,0.107,0.1159,0.1269,0.1246,0.1393,2,-28.11026341,28.36385274,
61,0.2368,0.15205,0.10615,0.1005,0.111,0.1311,0.16175,0.1792,0.1807,0.1994,0,-26.79605593,27.92776453,
62,0.30495,0.2313,0.1137,0.11405,0.12745,0.16195,0.2003,0.22555,0.22285,0.2536,0,-28.15105241,28.26842873,
63,0.2916,0.242,0.1189,0.1178,0.1423,0.1771,0.2499,0.2674,0.2536,0.2847,0,-27.22617133,28.47606496,
64,0.1906,0.12925,0.09475,0.0865,0.0956,0.1165,0.1513,0.172,0.17255,0.19705,0,-26.69945623,28.97045607,
65,0.32945,0.25475,0.11735,0.12815,0.14915,0.1799,0.23455,0.2637,0.26025,0.29435,2,-26.80817681,27.93716377,
66,0.2571,0.1566,0.1006,0.0965,0.0955,0.1271,0.2003,0.2298,0.2319,0.2516,0,-27.65144687,28.38334012,
67,0.2331,0.1339,0.097,0.0946,0.0871,0.1178,0.194,0.2211,0.2206,0.247,0,-27.42698317,28.3356621,
68,0.226,0.13755,0.09735,0.0981,0.093,0.13055,0.20605,0.2385,0.23375,0.26975,0,-27.43405688,28.07736408,
69,0.2983,0.21845,0.11755,0.1215,0.15375,0.175,0.2115,0.237,0.2316,0.2637,2,-27.52848455,27.58212099,
70,0.2613,0.2,0.1028,0.0924,0.1078,0.1223,0.1832,0.2085,0.2066,0.2477,0,-26.94867102,29.18796143,
71,0.2258,0.152,0.1025,0.091,0.0986,0.1133,0.178,0.2041,0.2054,0.2318,0,-28.35407081,28.45459206,
72,0.2456,0.15225,0.1003,0.09315,0.1004,0.12325,0.18585,0.2109,0.20615,0.23665,0,-26.63861238,29.27003076,
73,0.3703,0.294,0.122,0.12885,0.16365,0.1889,0.2213,0.24925,0.2468,0.27965,0,-26.97117762,28.39876794,
74,0.3147,0.2328,0.1131,0.1117,0.1357,0.1598,0.2007,0.2272,0.2284,0.259,2,-26.98991483,28.38609724,
75,0.2607,0.189,0.1171,0.119,0.1286,0.1625,0.2149,0.2449,0.2439,0.281,2,-26.92292682,28.88723804,
76,0.2915,0.2095,0.1125,0.1107,0.1299,0.159,0.1997,0.2266,0.2269,0.2563,0,-27.59479906,27.66644888,
77,0.2341,0.1391,0.102,0.0956,0.0925,0.1241,0.1934,0.2167,0.2128,0.2409,0,-26.94554268,28.71007949,
78,0.3214,0.24365,0.1163,0.11395,0.13455,0.1623,0.20515,0.23415,0.22945,0.2688,0,-28.32693003,28.21696981,
79,0.3026,0.21495,0.11365,0.1113,0.13815,0.15605,0.2191,0.25115,0.25615,0.30115,2,-26.90420461,29.14700184,
80,0.2563,0.1639,0.10135,0.09335,0.10335,0.1236,0.19025,0.22005,0.2186,0.24635,0,-26.88141431,29.38933503,
81,0.2754,0.1999,0.1058,0.1109,0.1199,0.1535,0.2431,0.2857,0.2894,0.3074,2,-27.83515537,28.26197189,
82,0.2537,0.17285,0.1054,0.10425,0.10485,0.1365,0.1801,0.2022,0.2008,0.22595,2,-28.25625898,28.07040371,
83,0.1914,0.1068,0.1006,0.0947,0.0824,0.1177,0.2466,0.3086,0.3048,0.3469,0,-28.39751162,28.25698081,
84,0.282,0.17125,0.11355,0.10485,0.1123,0.13155,0.1893,0.2184,0.22245,0.24535,0,-28.0458565,28.63373093,
85,0.24365,0.1472,0.1114,0.103,0.1008,0.1252,0.19625,0.22325,0.22175,0.24725,0,-28.1568755,28.26764492,
86,0.36035,0.2873,0.12185,0.13555,0.169,0.19835,0.25375,0.28785,0.2865,0.31925,2,-27.72434069,28.10238537,
87,0.2691,0.1589,0.1102,0.1064,0.1136,0.1432,0.1893,0.2152,0.2182,0.2477,2,-26.96787761,27.88577185,
88,0.3119,0.2369,0.1273,0.1215,0.1412,0.1668,0.2023,0.2282,0.2291,0.2599,0,-28.17490785,28.52458245,
89,0.23755,0.18275,0.1073,0.10035,0.11275,0.1277,0.1896,0.2127,0.2096,0.23945,0,-26.85417107,29.30026692,
90,0.2941,0.21495,0.11545,0.11885,0.1389,0.16505,0.22885,0.2643,0.25855,0.28275,0,-28.0670036,27.6435174,
91,0.24845,0.17975,0.096,0.09115,0.1064,0.1296,0.166,0.1854,0.17905,0.2048,0,-26.71140306,27.66862302,
92,0.3251,0.2536,0.1174,0.1236,0.144,0.1736,0.2287,0.2497,0.2416,0.2686,0,-27.52347387,28.77995124,
93,0.2545,0.1867,0.1105,0.1049,0.1126,0.1317,0.1938,0.2161,0.2114,0.242,2,-28.22149955,28.57315329,
94,0.21135,0.1591,0.09815,0.088,0.0998,0.11035,0.15055,0.17265,0.17115,0.1931,0,-26.69806841,29.1463312,
95,0.29695,0.1976,0.10745,0.108,0.12115,0.14555,0.1922,0.21655,0.2149,0.2456,2,-28.06430188,28.8270726,
96,0.29075,0.21445,0.11275,0.1063,0.11375,0.13905,0.1842,0.20615,0.2071,0.23685,2,-27.00979977,27.69363075,
97,0.27655,0.1795,0.11235,0.10565,0.10715,0.1309,0.19165,0.21615,0.21695,0.23865,0,-27.86185817,28.63585313,
98,0.3556,0.2558,0.1241,0.1248,0.1495,0.1732,0.2328,0.2654,0.2618,0.2981,0,-28.15635236,28.77503407,
99,0.2696,0.2234,0.1055,0.108,0.1369,0.1574,0.1939,0.2168,0.2113,0.2346,0,-27.68539177,28.16103971,
100,0.3378,0.2671,0.1378,0.1408,0.1645,0.1957,0.2572,0.2909,0.288,0.3194,0,-27.99831507,28.21071932,
101,0.2837,0.1823,0.1074,0.1112,0.1285,0.1578,0.2133,0.2393,0.2382,0.2694,0,-26.87279365,27.74948989,
102,0.332,0.2626,0.1164,0.1258,0.1549,0.1778,0.2133,0.2391,0.236,0.2644,0,-27.64648574,27.67971271,
103,0.3231,0.24045,0.13195,0.13815,0.1757,0.19795,0.26585,0.2864,0.28345,0.311,0,-27.19952215,28.67465616,
104,0.25015,0.1486,0.1079,0.10455,0.10115,0.1327,0.2054,0.2356,0.23395,0.26675,0,-28.01644705,28.06310561,
105,0.2447,0.1774,0.1005,0.09595,0.1122,0.131,0.18785,0.2148,0.21525,0.2456,0,-26.83819547,29.32328556,
106,0.2675,0.1717,0.1124,0.1125,0.1164,0.15,0.2072,0.2357,0.2399,0.2695,0,-28.40437484,28.43541088,
107,0.28535,0.1789,0.1027,0.10125,0.1015,0.1368,0.2147,0.24265,0.2423,0.2648,0,-28.0177028,28.87837675,
108,0.2723,0.1819,0.1091,0.1055,0.111,0.1369,0.2097,0.2389,0.2368,0.2652,0,-28.42389642,28.5671963,
109,0.3472,0.2712,0.1284,0.1281,0.1452,0.1734,0.2323,0.2596,0.2542,0.2865,0,-28.20793535,27.69114422,
110,0.29035,0.217,0.11455,0.11145,0.12815,0.14695,0.2031,0.2306,0.2334,0.25635,2,-27.14120147,28.32898457,
111,0.3586,0.2428,0.1333,0.1449,0.1685,0.2107,0.2721,0.3099,0.3079,0.3509,0,-28.1846504,28.37378606,
112,0.2386,0.1468,0.1033,0.0927,0.0877,0.1162,0.1785,0.201,0.2011,0.2219,2,-28.48583202,28.3340258,
113,0.2242,0.1271,0.1064,0.1079,0.097,0.1352,0.2053,0.2319,0.2329,0.2588,0,-27.79873217,28.12696305,
114,0.34335,0.3011,0.12585,0.11945,0.1382,0.1512,0.1671,0.183,0.18495,0.204,2,-28.02052133,28.55088865,
115,0.3768,0.3112,0.1286,0.13645,0.1714,0.19525,0.23365,0.258,0.2491,0.2799,0,-28.30950701,28.84527816,
116,0.34725,0.3014,0.11555,0.11995,0.152,0.1736,0.2064,0.23065,0.23235,0.25685,2,-28.64917199,27.89341967,
117,0.2821,0.2076,0.1496,0.1367,0.14555,0.1598,0.2037,0.22855,0.22985,0.2506,0,-27.76214107,28.73382667,
118,0.24925,0.1885,0.1091,0.09775,0.10695,0.1337,0.1829,0.2053,0.2048,0.23035,0,-28.53045244,28.05313954,
119,0.22885,0.14375,0.1081,0.0959,0.09475,0.1227,0.18985,0.2181,0.21615,0.24405,0,-28.0620345,28.10469547,
120,0.29765,0.2212,0.1195,0.1262,0.13885,0.16835,0.2437,0.27755,0.27505,0.30635,0,-27.74847213,28.03978006,
121,0.312,0.2437,0.10895,0.1114,0.12325,0.14785,0.1965,0.2238,0.22655,0.24985,0,-27.73668452,28.66034182,
122,0.304,0.2127,0.1164,0.1197,0.1319,0.1814,0.2485,0.2838,0.2805,0.3205,0,-27.74232275,28.37649104,
123,0.24935,0.18565,0.1047,0.1023,0.1175,0.137,0.2023,0.2331,0.23235,0.26705,2,-27.79005724,28.55982082,
124,0.2549,0.1746,0.1041,0.0986,0.1051,0.1291,0.1798,0.206,0.2048,0.2335,0,-27.10788999,28.42505155,
125,0.29235,0.21415,0.1126,0.1099,0.12105,0.15435,0.1951,0.21895,0.22055,0.24775,2,-28.04606681,28.66899884,
126,0.3479,0.2381,0.1225,0.1301,0.1595,0.1835,0.2353,0.2685,0.2697,0.3128,0,-27.35305582,28.62203,
127,0.23185,0.16965,0.1015,0.09545,0.10205,0.1226,0.1568,0.1772,0.17205,0.19805,2,-26.71247783,27.69104698,
128,0.3347,0.2485,0.1311,0.1402,0.1584,0.1917,0.2577,0.2897,0.287,0.3179,2,-27.63100135,28.24008261,
129,0.3607,0.2991,0.1206,0.13275,0.16505,0.18405,0.2196,0.24415,0.24685,0.269,0,-28.02156508,28.696655,
130,0.26475,0.18475,0.10775,0.09735,0.1063,0.12375,0.1726,0.19585,0.19705,0.2206,0,-28.15642703,28.88085143,
131,0.2715,0.1855,0.1101,0.0985,0.1111,0.1263,0.1866,0.2136,0.215,0.2431,0,-28.26509666,28.61921369,
132,0.2563,0.1642,0.1165,0.1177,0.1183,0.1596,0.2804,0.326,0.3148,0.3508,0,-28.12293952,27.74006067,
133,0.3165,0.2515,0.1188,0.1134,0.1252,0.1425,0.1754,0.1957,0.1996,0.2191,0,-28.23360541,28.3864161,
134,0.32225,0.2584,0.1126,0.1071,0.12175,0.14805,0.18495,0.20825,0.21465,0.2373,0,-27.96753843,28.6599984,
135,0.29475,0.2151,0.12015,0.11845,0.1244,0.1435,0.20275,0.22835,0.2242,0.2526,0,-27.24397269,27.66248228,
136,0.347,0.26495,0.12165,0.1257,0.1535,0.17665,0.2234,0.25295,0.2507,0.28645,0,-27.91557526,28.46946497,
137,0.237,0.14305,0.1111,0.1048,0.09615,0.12585,0.171,0.1907,0.1897,0.21255,0,-28.18830168,28.03427308,
138,0.2515,0.177,0.1232,0.1128,0.1287,0.1485,0.2373,0.2777,0.2698,0.3053,0,-26.83148426,28.84882418,
139,0.3198,0.2506,0.119,0.1281,0.1603,0.1801,0.2241,0.252,0.2511,0.2786,0,-27.59396594,29.31962755,
140,0.2804,0.2004,0.0989,0.1005,0.1215,0.1428,0.1842,0.2103,0.208,0.2337,2,-26.7325274,28.48745046,
141,0.29495,0.18785,0.11025,0.11175,0.1152,0.15235,0.2209,0.2511,0.24695,0.282,0,-27.43809325,28.07136842,
142,0.1933,0.1349,0.1015,0.094,0.0926,0.1134,0.1611,0.1832,0.1803,0.2043,0,-26.89918161,28.35609853,
143,0.2335,0.1413,0.1038,0.1003,0.1028,0.1315,0.20695,0.239,0.2382,0.2696,0,-26.65999189,28.94749399,
144,0.3241,0.21545,0.1187,0.11665,0.1242,0.153,0.2067,0.23065,0.2268,0.2594,0,-27.1053907,28.02855422,
145,0.2336,0.1487,0.1068,0.0954,0.0969,0.1217,0.1777,0.2,0.1948,0.2204,0,-28.4816121,27.91776686,
146,0.2906,0.1671,0.1071,0.1054,0.1022,0.1376,0.1999,0.2308,0.2307,0.2688,0,-27.30260623,27.97399989,
147,0.3078,0.2269,0.1246,0.128,0.1494,0.1803,0.2579,0.2808,0.2804,0.3158,0,-28.11476301,28.21851013,
148,0.2459,0.1457,0.1138,0.1033,0.1098,0.1378,0.1863,0.2095,0.2038,0.2343,0,-26.85306614,28.56324362,
149,0.306,0.2256,0.1004,0.10215,0.13525,0.1655,0.2078,0.23265,0.2274,0.25685,0,-26.69097945,28.43209038,
150,0.4378,0.3882,0.1339,0.1493,0.2045,0.2305,0.2577,0.2822,0.2872,0.3102,0,-28.27760353,28.15358514,
151,0.27365,0.20805,0.1061,0.1011,0.1151,0.1352,0.16385,0.18245,0.18475,0.2078,0,-28.21521425,28.95856669,
152,0.2658,0.1962,0.1012,0.0998,0.113,0.1317,0.1769,0.203,0.2004,0.2309,2,-26.77256977,28.63657904,
153,0.25505,0.19065,0.12275,0.1171,0.1391,0.1555,0.1846,0.2051,0.2058,0.22885,0,-26.67974062,29.26592523,
154,0.18435,0.11685,0.0924,0.0838,0.0709,0.10295,0.23335,0.2812,0.27955,0.3042,0,-27.59368609,28.1843406,
155,0.31675,0.25245,0.12505,0.1205,0.1458,0.1605,0.21575,0.24465,0.2512,0.28665,2,-28.08359691,28.46027682,
156,0.27985,0.2057,0.11625,0.1197,0.1232,0.1538,0.2734,0.3226,0.3112,0.3496,0,-28.5822585,27.65486978,
157,0.3048,0.2129,0.1128,0.111,0.1165,0.1502,0.204,0.2345,0.2375,0.2758,0,-28.23933897,28.3713912,
158,0.24405,0.16375,0.1006,0.098,0.11455,0.13385,0.173,0.19575,0.19275,0.22455,0,-26.77510535,27.63860173,
159,0.2038,0.1273,0.0986,0.0865,0.0953,0.123,0.1809,0.2098,0.2151,0.2471,0,-26.76107731,28.92479773,
160,0.25025,0.1683,0.1137,0.10385,0.103,0.1213,0.16225,0.17975,0.17405,0.1979,0,-27.85053017,28.79163153,
161,0.2162,0.12895,0.1057,0.1072,0.1014,0.15265,0.24835,0.28185,0.2788,0.3094,0,-27.23248398,29.08262729,
162,0.2421,0.15725,0.1019,0.09355,0.0953,0.1193,0.1646,0.18555,0.1832,0.2088,0,-27.99361316,28.82917695,
163,0.22325,0.1809,0.10635,0.10595,0.11335,0.13045,0.18685,0.208,0.2102,0.2356,2,-26.96407137,27.74195637,
164,0.3431,0.2836,0.11445,0.1231,0.1537,0.1791,0.21455,0.24035,0.2351,0.2643,2,-28.05599629,28.78617424,
165,0.2865,0.18155,0.1044,0.1005,0.09735,0.1289,0.19525,0.2206,0.223,0.24605,0,-27.6133044,28.18772432,
166,0.28575,0.21385,0.11935,0.1161,0.12595,0.1441,0.18355,0.20795,0.20705,0.2388,0,-26.92432321,28.02049119,
167,0.44465,0.3816,0.12605,0.1459,0.2013,0.22555,0.2569,0.28445,0.28665,0.3127,0,-28.3846594,28.01907687,
168,0.2416,0.1531,0.1106,0.1036,0.1063,0.1336,0.2103,0.2392,0.2373,0.2683,0,-26.97017458,27.83836175,
169,0.31435,0.2235,0.1134,0.1084,0.121,0.14125,0.1979,0.22575,0.23215,0.2622,0,-26.93879079,29.00500775,
170,0.26825,0.20935,0.1096,0.10375,0.11985,0.13675,0.1616,0.18125,0.1811,0.20575,0,-26.7374032,29.38457997,
171,0.3989,0.3027,0.1344,0.14125,0.1854,0.21535,0.25185,0.28035,0.28175,0.3124,0,-28.14915443,28.76786553,
172,0.3353,0.2398,0.1113,0.118,0.141,0.1663,0.2369,0.2691,0.2692,0.3048,0,-27.68198642,28.85357752,
173,0.2251,0.1479,0.0942,0.0908,0.0985,0.1271,0.1875,0.2137,0.2194,0.2538,0,-27.06269731,29.39608633,
174,0.2472,0.1495,0.1126,0.10205,0.0997,0.1278,0.21245,0.24675,0.2414,0.27565,0,-27.49425887,29.05779425,
175,0.3701,0.3211,0.1289,0.1384,0.1847,0.2045,0.2385,0.2638,0.2586,0.2908,0,-28.37432061,28.55718295,
176,0.2255,0.1593,0.1061,0.0938,0.0997,0.117,0.1586,0.1819,0.1828,0.2104,0,-26.83200746,28.81681189,
177,0.4213,0.33625,0.13345,0.1552,0.2131,0.2414,0.27915,0.30495,0.30595,0.32805,2,-27.6536338,28.08058804,
178,0.2654,0.17705,0.09515,0.08905,0.10115,0.11775,0.17065,0.19735,0.20135,0.231,0,-27.87343369,29.12482537,
179,0.2615,0.1726,0.1076,0.1103,0.1097,0.1474,0.2463,0.2884,0.2836,0.3199,0,-27.36364315,28.20755459,
180,0.2286,0.1592,0.10525,0.09715,0.09405,0.11465,0.16915,0.19065,0.18755,0.2118,2,-27.12205942,27.7588112,
181,0.2318,0.1316,0.1071,0.0999,0.0948,0.1312,0.2246,0.2702,0.2703,0.2915,2,-27.35121922,28.93170993,
182,0.32925,0.24455,0.14245,0.1529,0.18135,0.2045,0.2602,0.2921,0.2904,0.3262,0,-27.23199503,28.33801875,
183,0.32055,0.25675,0.1077,0.1171,0.148,0.16545,0.18495,0.20315,0.1984,0.2185,2,-27.97568951,29.11865907,
184,0.2454,0.1467,0.109,0.1003,0.1093,0.1282,0.179,0.2055,0.2027,0.2306,2,-26.94179089,29.3274826,
185,0.26055,0.17755,0.09375,0.0955,0.0972,0.1295,0.1933,0.2202,0.2182,0.24555,0,-27.84992234,29.11203356,
186,0.31165,0.23355,0.11225,0.1111,0.14255,0.1581,0.19645,0.2211,0.2214,0.2519,2,-26.87096292,27.80016215,
187,0.2281,0.1307,0.0962,0.0901,0.0819,0.1126,0.1749,0.1989,0.1931,0.2209,0,-27.40482249,28.48227573,
188,0.26305,0.15865,0.10445,0.09465,0.0987,0.1208,0.1606,0.17995,0.1812,0.2036,0,-28.2233026,28.94196971,
189,0.2918,0.1715,0.1121,0.1085,0.1166,0.1485,0.2447,0.2833,0.2832,0.3274,0,-27.71411098,28.41926492,
190,0.24055,0.14815,0.102,0.09545,0.0969,0.126,0.19605,0.2239,0.2266,0.2518,0,-27.17965364,29.46827337,
191,0.25845,0.1915,0.10485,0.0993,0.113,0.1362,0.19435,0.22165,0.2225,0.25975,0,-26.87542359,29.04613719,
192,0.29175,0.20895,0.1033,0.1025,0.1286,0.1513,0.1974,0.22255,0.2198,0.24995,0,-27.43842581,27.60432102,
193,0.2194,0.121,0.0936,0.0793,0.0632,0.0987,0.1888,0.2182,0.2134,0.2451,0,-27.45000253,28.57464985,
194,0.2699,0.1673,0.1103,0.1041,0.10715,0.13215,0.176,0.19825,0.19395,0.22295,0,-27.94434517,28.37631247,
195,0.2978,0.2002,0.10615,0.1021,0.10635,0.13575,0.1984,0.2268,0.22685,0.2542,0,-26.79542016,28.45940567,
196,0.2706,0.2139,0.1143,0.1147,0.1326,0.1492,0.1839,0.2061,0.2031,0.2282,2,-26.94758486,27.93933637,
197,0.22045,0.1338,0.0968,0.09075,0.10025,0.12425,0.2207,0.27295,0.2794,0.30605,0,-27.32843435,29.17118025,
198,0.2089,0.1432,0.09385,0.0848,0.0921,0.107,0.1475,0.1692,0.16755,0.19305,0,-26.71996412,29.10292229,
199,0.2934,0.2471,0.1297,0.1151,0.1314,0.1435,0.1552,0.1696,0.1684,0.1911,0,-27.06326587,27.7506846,
200,0.4152,0.3583,0.145,0.161,0.2104,0.2379,0.2733,0.3028,0.294,0.3312,2,-28.19790327,28.23546196,
201,0.2096,0.1226,0.0948,0.0912,0.087,0.1172,0.1891,0.2159,0.2114,0.2384,0,-27.56166906,28.83322696,
202,0.3582,0.2782,0.1149,0.1207,0.1555,0.1739,0.2081,0.2352,0.2377,0.2723,0,-27.50853363,29.38369726,
203,0.2509,0.16685,0.109,0.1099,0.1208,0.1479,0.22165,0.25105,0.2498,0.2824,0,-27.30602669,27.62998372,
204,0.2139,0.1262,0.0965,0.0929,0.0949,0.1246,0.1866,0.2096,0.2079,0.2344,0,-26.73182309,27.77603122,
205,0.3292,0.2576,0.1191,0.1245,0.1454,0.1793,0.235,0.2616,0.2676,0.2871,0,-27.35923975,28.31977666,
206,0.3022,0.2322,0.1166,0.1114,0.1334,0.1495,0.2001,0.2305,0.2428,0.2601,0,-28.30648645,28.63422339,
207,0.2601,0.1855,0.0974,0.0977,0.1014,0.1301,0.1659,0.18665,0.18785,0.21095,0,-28.1064642,28.994268,
208,0.2189,0.1279,0.1052,0.10745,0.09395,0.13435,0.27515,0.3201,0.3083,0.34445,0,-28.05587416,27.73847213,
209,0.27165,0.1706,0.10375,0.09655,0.0959,0.12225,0.17885,0.20275,0.20015,0.2265,0,-27.98711904,28.80716739,
210,0.30705,0.2104,0.1107,0.117,0.13595,0.1694,0.2431,0.2813,0.28135,0.32005,0,-27.71080309,29.38446289,
211,0.24035,0.17115,0.0997,0.0962,0.11265,0.1406,0.18015,0.20245,0.1953,0.22395,0,-26.74230228,27.65702718,
212,0.30225,0.20865,0.11655,0.12835,0.13085,0.1732,0.32345,0.3735,0.35945,0.3984,0,-28.06775385,27.71833197,
213,0.26225,0.1659,0.1086,0.09995,0.10135,0.12455,0.1703,0.1897,0.18515,0.21115,0,-27.12253547,28.02768216,
214,0.3004,0.2039,0.1082,0.1149,0.1221,0.1507,0.2293,0.2602,0.2542,0.2853,0,-27.29858468,27.85846636,
215,0.3519,0.2713,0.1222,0.1273,0.1639,0.1831,0.2136,0.2392,0.2387,0.2687,0,-28.34644272,28.72532096,
216,0.2397,0.1564,0.1223,0.1149,0.1261,0.15,0.2284,0.2708,0.2742,0.2933,0,-27.24828278,28.81098843,
217,0.2768,0.1827,0.1083,0.1053,0.1149,0.1405,0.1921,0.2141,0.2154,0.2403,0,-27.6592519,28.73281853,
218,0.24075,0.148,0.10415,0.1032,0.1115,0.14025,0.19255,0.21595,0.21265,0.23935,0,-26.783635,27.81109917,
219,0.2412,0.1623,0.1097,0.1006,0.11,0.1334,0.1785,0.1984,0.2008,0.2223,2,-27.76917114,28.12152617,
220,0.33765,0.2232,0.1176,0.11805,0.1429,0.16285,0.2055,0.2339,0.2321,0.2628,0,-26.66844748,27.64366655,
221,0.2951,0.20325,0.1172,0.11615,0.1377,0.159,0.2095,0.23745,0.23255,0.2671,2,-27.34894602,27.62329181,
222,0.2654,0.1839,0.1016,0.1031,0.1133,0.14195,0.20925,0.24005,0.2399,0.27355,0,-27.27126494,29.07988478,
223,0.34,0.24935,0.129,0.12935,0.16525,0.1945,0.2453,0.2778,0.279,0.3242,2,-26.87053003,29.12248387,
224,0.3036,0.2044,0.1072,0.1119,0.1345,0.154,0.2167,0.2488,0.2502,0.2882,0,-27.63934285,29.31701008,
225,0.2053,0.1182,0.0976,0.0938,0.0907,0.1223,0.1884,0.2141,0.2118,0.2405,0,-26.75673887,27.7537987,
226,0.2807,0.1902,0.1072,0.1102,0.1147,0.1446,0.2275,0.2662,0.2588,0.2956,0,-27.37236453,28.59023861,
227,0.2613,0.17405,0.1092,0.10495,0.1141,0.1362,0.18465,0.20685,0.2076,0.22905,0,-26.81334555,27.88719497,
228,0.2504,0.1846,0.1154,0.1103,0.1172,0.1476,0.2096,0.2325,0.2323,0.26,0,-27.9572642,28.20289739,
229,0.3378,0.2628,0.1099,0.1189,0.1379,0.1689,0.242,0.2747,0.272,0.299,0,-28.29801726,28.8870838,
230,0.28,0.176,0.1063,0.10115,0.11315,0.13565,0.17785,0.19825,0.1943,0.2193,2,-27.61989343,27.58076053,
231,0.3583,0.2782,0.1179,0.1245,0.1594,0.1745,0.2161,0.2454,0.2458,0.2823,0,-27.53327946,29.41049539,
232,0.2157,0.1328,0.0982,0.0937,0.0888,0.1137,0.1874,0.2128,0.2083,0.2374,2,-26.76187333,28.52951264,
233,0.2465,0.1632,0.1079,0.0995,0.1059,0.1288,0.1915,0.2198,0.2211,0.2472,2,-28.14128654,28.39248539,
234,0.2123,0.1312,0.0954,0.0853,0.0892,0.1153,0.1875,0.2142,0.2132,0.239,0,-27.77611695,29.06865356,
235,0.24145,0.1676,0.09855,0.09125,0.098,0.119,0.2005,0.2326,0.2298,0.26815,2,-26.91045777,29.08597555,
236,0.2045,0.128,0.1064,0.0892,0.0807,0.1085,0.1764,0.1947,0.1879,0.215,0,-26.9495361,28.88488318,
237,0.1969,0.1208,0.1006,0.10185,0.0935,0.12405,0.20635,0.2312,0.2304,0.25925,2,-26.81977241,28.01753173,
238,0.27635,0.18335,0.11115,0.1042,0.11195,0.1358,0.2041,0.2369,0.23915,0.26635,0,-28.18411105,28.80387008,
239,0.2248,0.1481,0.1073,0.1012,0.10205,0.12495,0.2196,0.25775,0.2594,0.2904,0,-27.88369011,28.74367825,
240,0.2579,0.1666,0.10425,0.1019,0.0996,0.1312,0.20975,0.23965,0.23405,0.26305,0,-27.10705933,28.55368593,
241,0.2926,0.2122,0.123,0.1173,0.1368,0.1537,0.2251,0.2566,0.2562,0.2782,0,-27.83885537,28.90156039,
242,0.29405,0.2097,0.1115,0.10995,0.139,0.16075,0.2263,0.26185,0.26855,0.31665,0,-26.82214756,29.21714361,
243,0.23325,0.13115,0.1046,0.1004,0.09045,0.1235,0.1882,0.21,0.20585,0.2327,0,-27.92328531,28.07068976,
244,0.2416,0.1483,0.0993,0.0964,0.0956,0.1268,0.2134,0.2498,0.2542,0.2755,0,-27.46010071,28.17559541,
245,0.27085,0.1462,0.1095,0.11015,0.11825,0.1532,0.2381,0.28215,0.2791,0.3244,0,-26.60823171,28.27310392,
246,0.24715,0.1615,0.111,0.10975,0.1045,0.13995,0.2621,0.299,0.2876,0.32155,0,-28.03719037,27.76165544,
247,0.2432,0.1361,0.0961,0.0925,0.0844,0.1163,0.232,0.2779,0.2827,0.3026,0,-27.70740971,28.69862874,
248,0.25395,0.1678,0.1074,0.105,0.096,0.12545,0.2014,0.2308,0.22755,0.25645,0,-27.15806439,27.67244253,
249,0.2799,0.2198,0.1088,0.1024,0.126,0.1449,0.1651,0.1815,0.1782,0.1967,0,-26.64511485,28.55172529,
250,0.245,0.1854,0.1114,0.1048,0.1021,0.1334,0.1956,0.2221,0.2275,0.245,0,-28.29958078,28.46517827,
251,0.2523,0.1491,0.0926,0.0961,0.0855,0.1315,0.1993,0.2247,0.221,0.2515,0,-27.84051023,28.36040439,
252,0.2139,0.1286,0.0957,0.0837,0.0852,0.1141,0.1746,0.2054,0.203,0.2368,0,-26.66048723,28.6690202,
253,0.2611,0.159,0.1066,0.0994,0.1054,0.1344,0.1858,0.2106,0.2102,0.2355,0,-28.38549303,28.8875302,
254,0.2917,0.19555,0.1044,0.10625,0.13035,0.16145,0.22765,0.26125,0.25595,0.2935,0,-26.65661374,28.24971105,
255,0.3074,0.20545,0.1248,0.1211,0.1365,0.16125,0.26295,0.3092,0.3044,0.3457,0,-27.95906467,28.03924446,
256,0.32055,0.2356,0.1175,0.11795,0.1263,0.15775,0.2542,0.29385,0.29365,0.3292,0,-27.89719579,28.63027828,
257,0.2899,0.2133,0.1107,0.1159,0.1319,0.1561,0.2076,0.2285,0.2261,0.2509,2,-28.23063955,29.0850332,
258,0.19185,0.09645,0.0916,0.0825,0.0836,0.10565,0.15805,0.18105,0.18135,0.20405,0,-27.63240729,29.25696918,
259,0.3096,0.2101,0.1197,0.1199,0.1342,0.1602,0.2182,0.2463,0.2397,0.2734,2,-27.80708493,27.95816059,
260,0.271,0.17205,0.1125,0.10845,0.10525,0.1352,0.20825,0.2368,0.23595,0.26095,0,-28.10252809,27.98217958,
261,0.26655,0.20125,0.10855,0.0984,0.0972,0.1149,0.1635,0.18665,0.18445,0.20785,0,-27.17775982,28.02841035,
262,0.2161,0.1377,0.0984,0.097,0.088,0.1239,0.2374,0.2777,0.2792,0.3005,0,-27.67420869,28.49739301,
263,0.37625,0.30875,0.1285,0.1345,0.1681,0.18995,0.22665,0.25295,0.2475,0.27745,0,-28.07112086,27.85017823,
264,0.3204,0.2539,0.1334,0.138,0.1582,0.1849,0.2183,0.2442,0.2423,0.277,0,-27.02037607,27.98080822,
265,0.296,0.2273,0.107,0.1099,0.1331,0.1584,0.1897,0.2137,0.2139,0.243,2,-27.74013824,28.5883016,
266,0.34485,0.28425,0.1282,0.13505,0.1701,0.19205,0.24085,0.2719,0.27255,0.30705,2,-27.81158679,28.69013349,
267,0.3629,0.2973,0.1199,0.12645,0.16235,0.18965,0.23425,0.2627,0.25905,0.29075,2,-28.03667543,28.91648324,
268,0.30365,0.23545,0.1182,0.12245,0.1506,0.1715,0.2056,0.2273,0.22495,0.25525,2,-27.91387492,28.77613626,
269,0.2549,0.1892,0.1063,0.1053,0.1152,0.139,0.1735,0.1939,0.1897,0.2168,2,-26.95291059,27.87009829,
270,0.3067,0.2083,0.1208,0.1236,0.1429,0.1738,0.2358,0.2685,0.2635,0.3002,0,-27.76874044,27.86957612,
271,0.2313,0.1559,0.11865,0.11295,0.11005,0.13955,0.21825,0.26135,0.2587,0.29425,0,-27.15680983,28.74072256,
272,0.24945,0.16645,0.10465,0.09495,0.10295,0.11955,0.1681,0.1939,0.19745,0.22505,0,-28.19673781,28.57185191,
273,0.2445,0.1656,0.1076,0.1037,0.1085,0.1297,0.191,0.217,0.2199,0.2457,0,-27.98971046,28.20525,
274,0.2664,0.2029,0.1133,0.0987,0.1044,0.1175,0.1562,0.1771,0.1752,0.2008,2,-26.93180976,28.86682081,
275,0.24695,0.15865,0.1025,0.1031,0.116,0.13895,0.20625,0.24045,0.2461,0.2846,0,-27.14919154,29.39981021,
276,0.23,0.1566,0.09475,0.0882,0.0984,0.11715,0.18865,0.22695,0.22995,0.253,2,-27.71237095,28.17018626,
277,0.27885,0.2028,0.108,0.1085,0.1201,0.14595,0.1836,0.20435,0.20545,0.2332,0,-26.97208143,27.70472235,
278,0.29015,0.1852,0.11065,0.10705,0.12175,0.1494,0.2058,0.23545,0.23535,0.2701,0,-26.83803829,27.70468237,
279,0.2463,0.1407,0.0951,0.0915,0.087,0.1179,0.1938,0.217,0.2167,0.2424,0,-27.56316419,28.65942486,
280,0.2482,0.1479,0.1087,0.0981,0.0993,0.1262,0.1732,0.1953,0.1967,0.2228,0,-28.33787062,28.71857555,
281,0.2632,0.1695,0.1086,0.1052,0.1033,0.1322,0.191,0.2156,0.2109,0.24,0,-27.75469278,27.94885793,
282,0.24075,0.1446,0.1029,0.1004,0.0992,0.1271,0.17865,0.1998,0.20145,0.21945,0,-27.57687143,28.05294204,
283,0.31595,0.22955,0.10545,0.1143,0.1245,0.1638,0.22205,0.25,0.2494,0.27945,0,-27.92824137,28.69116292,
284,0.2291,0.1466,0.1133,0.1274,0.1543,0.1769,0.2415,0.288,0.2856,0.297,2,-27.61301284,29.20938525,
285,0.2264,0.1165,0.0955,0.0951,0.08,0.1203,0.2065,0.2357,0.2334,0.2587,0,-27.49194464,28.24341954,
286,0.2435,0.17515,0.10375,0.09705,0.1056,0.1209,0.16415,0.1869,0.18945,0.2127,0,-27.53092139,29.32036419,
287,0.31475,0.23705,0.11085,0.11775,0.13505,0.1648,0.24455,0.28835,0.28325,0.3181,0,-26.93628224,28.41996241,
288,0.2628,0.1618,0.1088,0.1014,0.108,0.1249,0.1829,0.2089,0.2067,0.2388,0,-27.99433356,28.39986115,
289,0.2443,0.18465,0.0937,0.0857,0.10115,0.11915,0.1505,0.16755,0.1665,0.1873,2,-26.71623882,28.31777389,
290,0.2434,0.164,0.1148,0.1039,0.1143,0.1313,0.2072,0.2318,0.2294,0.2584,0,-26.70463434,28.84223903,
291,0.2472,0.1768,0.1066,0.1007,0.1065,0.1426,0.2278,0.2679,0.2647,0.3023,2,-27.09594756,28.84831536,
292,0.2507,0.1821,0.10605,0.0996,0.10375,0.1235,0.1749,0.19965,0.2001,0.2295,0,-27.998287,28.95162796,
293,0.2073,0.1127,0.093,0.0954,0.084,0.1333,0.2198,0.2549,0.2522,0.2908,0,-27.5937778,28.51287279,
294,0.1824,0.0879,0.0883,0.0866,0.0662,0.1043,0.2272,0.2716,0.2643,0.3013,0,-27.22138229,28.58588619,
295,0.28605,0.1845,0.1075,0.1011,0.10365,0.12915,0.1936,0.21955,0.21445,0.24515,0,-27.22367526,28.0558739,
296,0.24735,0.1565,0.10345,0.1075,0.0991,0.14125,0.263,0.3072,0.30435,0.33765,0,-27.36541657,28.07171582,
297,0.2957,0.2146,0.1185,0.1188,0.1426,0.1679,0.2267,0.2556,0.254,0.292,0,-26.96220798,27.81638993,
298,0.3095,0.2103,0.1218,0.1196,0.1316,0.1657,0.2282,0.2616,0.2646,0.3022,2,-28.15942667,28.46263073,
299,0.2227,0.1278,0.0962,0.0963,0.092,0.1425,0.2833,0.3298,0.3296,0.3726,0,-27.47544987,28.31016215,
300,0.21145,0.12435,0.0947,0.0908,0.07825,0.10895,0.2159,0.26475,0.26445,0.29315,0,-27.16694577,29.48391947,
301,0.26365,0.176,0.10405,0.0976,0.1067,0.12865,0.18205,0.20635,0.2073,0.24035,0,-27.09688905,28.68790471,
302,0.2779,0.2217,0.11345,0.1076,0.12365,0.14075,0.22845,0.27435,0.2634,0.3126,2,-28.09845651,28.53327887,
303,0.3266,0.2642,0.1263,0.1258,0.1533,0.1711,0.1973,0.2187,0.2199,0.248,2,-27.06875312,28.45837688,
304,0.28085,0.17365,0.11045,0.1017,0.10115,0.1289,0.20245,0.2324,0.2316,0.2603,0,-28.05476684,27.99070147,
305,0.19255,0.14735,0.10785,0.099,0.10875,0.1199,0.1603,0.17895,0.1729,0.19795,2,-26.67959749,29.22174089,
306,0.2844,0.17755,0.1074,0.10545,0.1026,0.13595,0.1948,0.2202,0.2172,0.25035,0,-27.05664773,28.54483629,
307,0.2845,0.2417,0.1214,0.1133,0.134,0.1452,0.1787,0.1964,0.195,0.2201,2,-26.89822444,27.86169596,
308,0.2646,0.1985,0.1056,0.1058,0.1157,0.1421,0.1999,0.2257,0.222,0.247,0,-28.01621409,28.99182939,
309,0.2,0.1033,0.0893,0.0836,0.0714,0.1083,0.1932,0.2189,0.2148,0.2441,0,-26.8197421,28.6655079,
310,0.2042,0.1479,0.1053,0.0933,0.0939,0.1085,0.187,0.2221,0.2193,0.2531,2,-27.86662403,28.85537289,
311,0.3484,0.3082,0.1309,0.1247,0.1431,0.1578,0.1798,0.1998,0.2078,0.226,0,-28.31019982,28.19118396,
312,0.2603,0.1777,0.1074,0.1055,0.1058,0.1298,0.1933,0.2232,0.2195,0.2472,0,-27.29415215,27.86075357,
313,0.2498,0.1495,0.1035,0.096,0.0985,0.1257,0.1761,0.1988,0.1915,0.2239,0,-26.86493424,27.71136382,
314,0.29185,0.19895,0.14265,0.1304,0.1385,0.15595,0.20315,0.23435,0.23715,0.26225,2,-27.38309356,28.82087103,
315,0.2384,0.1435,0.1121,0.1031,0.0959,0.122,0.1944,0.2228,0.2194,0.2415,0,-27.9883416,27.68123655,
316,0.363,0.3043,0.1303,0.13035,0.1566,0.1756,0.2018,0.2231,0.2254,0.24955,0,-28.02089719,28.53955505,
317,0.29465,0.2313,0.12195,0.12275,0.1389,0.1673,0.234,0.2657,0.26815,0.30605,2,-27.9557691,28.24003898,
318,0.25635,0.17215,0.10225,0.0954,0.1087,0.12595,0.1729,0.19615,0.1966,0.22575,0,-27.65185061,29.31878856,
319,0.3466,0.30225,0.12825,0.13395,0.1691,0.1928,0.2225,0.2435,0.2409,0.26495,0,-27.81624258,28.15331348,
320,0.2936,0.21055,0.11575,0.11165,0.13385,0.1498,0.1961,0.2206,0.22205,0.25245,0,-26.73072322,29.34407293,
321,0.2759,0.1928,0.111,0.1009,0.1017,0.1337,0.1921,0.2165,0.2124,0.2419,0,-27.78212903,28.49871676,
322,0.24955,0.17315,0.0955,0.09405,0.0944,0.11595,0.14975,0.16845,0.1673,0.19195,2,-27.99750554,28.88298171,
323,0.31325,0.2203,0.116,0.1176,0.14825,0.17195,0.20205,0.23115,0.23615,0.2733,2,-27.81020488,28.10884892,
324,0.2775,0.2165,0.10505,0.1086,0.1293,0.1628,0.1876,0.20825,0.2049,0.23185,0,-27.8506801,28.46348861,
325,0.2602,0.18795,0.10885,0.10135,0.10105,0.12245,0.1799,0.20305,0.1974,0.2266,2,-27.17569111,28.11085029,
326,0.2811,0.1838,0.1195,0.1126,0.1346,0.1545,0.2296,0.26,0.2622,0.2897,2,-27.7402671,28.98044636,
327,0.25315,0.1781,0.10275,0.0987,0.112,0.1316,0.21815,0.25165,0.2554,0.2793,2,-27.78143887,29.07150309,
328,0.2862,0.2148,0.1221,0.1145,0.1218,0.1431,0.1915,0.2159,0.217,0.2385,0,-27.45929837,28.1213981,
329,0.3094,0.2396,0.1172,0.1157,0.1334,0.159,0.2211,0.2606,0.2581,0.2931,0,-28.49721425,28.17377768,
330,0.2358,0.13505,0.09675,0.0986,0.0885,0.13055,0.2414,0.2913,0.2884,0.3331,0,-27.35375117,28.03729099,
331,0.2222,0.1524,0.09605,0.0883,0.09715,0.1154,0.19635,0.2342,0.23825,0.2639,0,-27.01418688,29.41439314,
332,0.2926,0.182,0.1125,0.1088,0.1133,0.1416,0.2179,0.2553,0.2556,0.2984,0,-28.31461439,28.22313387,
333,0.2798,0.17405,0.14415,0.1545,0.1422,0.1968,0.32625,0.38245,0.37745,0.41645,2,-27.23671269,28.6128692,
334,0.21805,0.13005,0.10145,0.09935,0.1007,0.13045,0.1987,0.23245,0.2339,0.26365,0,-27.43830087,28.31883121,
335,0.2585,0.1672,0.1036,0.1027,0.1038,0.133,0.2042,0.2362,0.232,0.2685,0,-26.74815877,28.07139665,
336,0.2417,0.15155,0.10495,0.09965,0.09685,0.12635,0.1863,0.20795,0.21235,0.229,0,-27.71778464,28.04448768,
337,0.2408,0.1606,0.1079,0.0997,0.1076,0.1329,0.1762,0.1988,0.1994,0.2195,0,-28.57654659,27.93412965,
338,0.2582,0.1471,0.1168,0.097,0.0993,0.1316,0.2073,0.2419,0.2385,0.2732,0,-26.9317843,28.88190817,
339,0.2391,0.1332,0.09945,0.09205,0.09505,0.12265,0.17885,0.2021,0.19865,0.22915,0,-26.69107065,28.22032847,
340,0.3229,0.2456,0.1235,0.1223,0.1517,0.1679,0.1973,0.2222,0.2251,0.2612,2,-26.95777852,27.83877693,
341,0.26605,0.16695,0.1096,0.1,0.11855,0.1402,0.21125,0.2453,0.24645,0.26775,0,-27.08045351,29.11479291,
342,0.2761,0.2069,0.1089,0.1117,0.1253,0.1553,0.2122,0.2413,0.2376,0.2721,2,-26.96735416,27.6498486,
343,0.2404,0.1687,0.1131,0.1002,0.1141,0.1275,0.1891,0.2156,0.2108,0.2401,0,-26.90634055,28.80308109,
344,0.2699,0.1726,0.1027,0.0951,0.0934,0.1187,0.1772,0.2006,0.2042,0.2233,0,-27.73269457,28.30722897,
345,0.23675,0.15025,0.10915,0.10295,0.1086,0.1316,0.17805,0.1985,0.19475,0.2206,0,-26.90441514,28.36414313,
346,0.24405,0.1572,0.0952,0.09405,0.09135,0.12185,0.16725,0.1908,0.19305,0.2188,0,-26.6977403,28.31312412,
347,0.2106,0.1242,0.1085,0.1,0.0845,0.1165,0.218,0.2623,0.2466,0.2907,0,-29.0480993,31.4437608,
348,0.1595,0.0821,0.1069,0.1008,0.0811,0.0947,0.2058,0.256,0.2393,0.2841,0,-29.05710587,31.59830242,
349,0.21375,0.13315,0.10345,0.09985,0.09035,0.11915,0.21085,0.24915,0.23895,0.27345,0,-30.43836396,29.96661236,
350,0.2104,0.159,0.112,0.0988,0.0848,0.0992,0.1829,0.2095,0.1931,0.2298,0,-29.01107422,31.47866384,
351,0.1678,0.0841,0.1095,0.0949,0.0719,0.0982,0.1882,0.2232,0.2044,0.2448,1,-29.02201868,31.51682806,
352,0.16095,0.0918,0.10825,0.09015,0.0673,0.09165,0.1765,0.20795,0.19765,0.2289,0,-28.76364187,31.60283549,
353,0.2349,0.1427,0.1185,0.1106,0.1072,0.1371,0.2176,0.2531,0.2486,0.2834,0,-30.17827206,30.58422899,
354,0.2526,0.1397,0.1011,0.0972,0.09055,0.1255,0.2135,0.24885,0.2466,0.2842,0,-29.50730403,30.87035645,
355,0.1998,0.0972,0.0961,0.092,0.0665,0.1133,0.2427,0.2868,0.2803,0.3205,0,-29.79566102,30.48254868,
356,0.23175,0.1541,0.102,0.09685,0.0997,0.1257,0.1909,0.2213,0.2128,0.24095,0,-30.470031,29.92513568,
357,0.18445,0.1117,0.0936,0.0863,0.0698,0.0955,0.16195,0.1867,0.1814,0.2063,0,-30.33526917,30.12722394,
358,0.164,0.0836,0.1098,0.0958,0.0738,0.0995,0.1917,0.234,0.2147,0.259,0,-29.083153,31.5985279,
359,0.17235,0.09015,0.0902,0.0832,0.06435,0.0922,0.21515,0.26535,0.2577,0.28975,1,-29.82194574,30.45898195,
360,0.1661,0.07055,0.11275,0.1026,0.0689,0.09895,0.26305,0.33215,0.3157,0.3587,1,-28.9670665,31.72641828,
361,0.22265,0.1245,0.09665,0.09055,0.0825,0.11375,0.19475,0.2308,0.2254,0.2606,0,-29.77727975,30.4642628,
362,0.1755,0.0882,0.1132,0.0986,0.0799,0.109,0.2241,0.2835,0.2614,0.3155,0,-29.06697352,31.60491158,
363,0.2225,0.1301,0.1114,0.1003,0.0902,0.1208,0.2102,0.2471,0.2428,0.2779,0,-28.6811998,31.57674864,
364,0.18375,0.09995,0.10565,0.09105,0.07095,0.0988,0.21815,0.2647,0.25215,0.2903,0,-30.23661222,30.48181106,
365,0.1257,0.05645,0.10275,0.0912,0.0667,0.0845,0.20615,0.2669,0.2612,0.2973,1,-29.9276512,30.63375791,
366,0.1935,0.1055,0.0926,0.085,0.0712,0.106,0.1959,0.2296,0.2206,0.2502,0,-29.5515358,30.76238379,
367,0.1834,0.11315,0.1016,0.09635,0.08435,0.11225,0.21345,0.25955,0.25365,0.28375,0,-29.41606328,30.72097326,
368,0.1832,0.10815,0.09885,0.0886,0.07945,0.10485,0.1802,0.2093,0.2056,0.23465,0,-29.87755163,30.26243764,
369,0.20595,0.11365,0.11565,0.1019,0.07985,0.1099,0.1902,0.22495,0.21205,0.24865,0,-29.11719159,31.50853621,
370,0.19015,0.10375,0.0943,0.0839,0.0704,0.0992,0.1968,0.2363,0.2274,0.2601,0,-29.71055642,30.70196656,
371,0.1297,0.0603,0.0828,0.072,0.0486,0.0766,0.1764,0.2105,0.2063,0.2325,0,-29.53745053,30.60191188,
372,0.181,0.1061,0.1154,0.0985,0.0853,0.1096,0.182,0.2148,0.205,0.2383,1,-28.7582341,31.60333247,
373,0.20435,0.12045,0.12005,0.10945,0.0991,0.1306,0.2111,0.2445,0.22605,0.2649,1,-28.71143273,31.63311833,
374,0.1374,0.0587,0.0855,0.0727,0.0463,0.0726,0.20815,0.26335,0.25755,0.2919,1,-29.82094194,30.33594342,
375,0.1066,0.048,0.0967,0.0784,0.0525,0.0719,0.1431,0.1696,0.1638,0.1879,0,-30.49228507,30.33675414,
376,0.20155,0.1084,0.11055,0.09905,0.0738,0.1058,0.218,0.2643,0.2489,0.2919,1,-28.92309643,31.61270887,
377,0.1503,0.074,0.084,0.0734,0.0601,0.0838,0.153,0.1806,0.174,0.2017,0,-29.51434554,30.72201303,
378,0.1884,0.11805,0.09505,0.087,0.0809,0.1081,0.17065,0.1973,0.1898,0.2185,0,-29.39016898,30.54081203,
379,0.1412,0.0657,0.0927,0.0841,0.0578,0.0883,0.2209,0.2814,0.2667,0.3084,1,-29.58767946,30.48388357,
380,0.227,0.1645,0.1137,0.10055,0.0922,0.11965,0.19605,0.22575,0.22055,0.2521,0,-28.79586529,31.41623298,
381,0.2105,0.11475,0.1018,0.0903,0.06745,0.10035,0.19275,0.2244,0.21755,0.25235,0,-28.78450389,31.33666772,
382,0.25365,0.1719,0.09685,0.0889,0.0958,0.11795,0.17055,0.194,0.19105,0.21565,0,-30.46730682,29.94728134,
383,0.1691,0.0866,0.10945,0.09805,0.0704,0.0997,0.21835,0.2715,0.25595,0.296,0,-29.00808659,31.59860765,
384,0.1217,0.0581,0.0808,0.0689,0.0495,0.072,0.16765,0.19795,0.19035,0.2156,0,-30.26394664,30.07545267,
385,0.1396,0.0601,0.1071,0.0945,0.071,0.0997,0.1931,0.2336,0.2197,0.2514,1,-29.01304575,31.59275302,
386,0.21635,0.12845,0.1009,0.0936,0.08905,0.11765,0.1901,0.2216,0.2142,0.2497,0,-29.35592168,30.93618658,
387,0.1847,0.0868,0.0898,0.0837,0.0632,0.1001,0.2257,0.2736,0.264,0.3036,0,-29.51014881,30.72385552,
388,0.1748,0.0916,0.10085,0.0896,0.06895,0.09495,0.2099,0.2575,0.2552,0.2878,1,-29.91708146,30.44035682,
389,0.2024,0.1194,0.1135,0.1009,0.0916,0.1146,0.1881,0.2163,0.2004,0.236,0,-28.64909927,31.57855004,
390,0.2225,0.139,0.10755,0.09985,0.096,0.12,0.2365,0.28035,0.26765,0.30575,1,-30.13201738,30.17973306,
391,0.20185,0.10675,0.1121,0.09985,0.08225,0.10725,0.1985,0.23395,0.2189,0.26045,0,-29.12505638,31.48685261,
392,0.1184,0.0528,0.08555,0.0773,0.05115,0.07845,0.21065,0.27205,0.26845,0.3017,1,-29.44465291,30.64048362,
393,0.2548,0.1546,0.117,0.1042,0.0954,0.1321,0.2236,0.2585,0.2575,0.2897,0,-28.71785902,31.49179763,
394,0.1749,0.08235,0.1136,0.1033,0.0754,0.10755,0.23335,0.29295,0.2779,0.3256,1,-28.97691691,31.69107996,
395,0.1727,0.0955,0.09425,0.08655,0.0716,0.10145,0.1934,0.22865,0.2238,0.25455,0,-29.8091944,30.58891642,
396,0.24445,0.1385,0.09765,0.0938,0.08645,0.1205,0.2059,0.24335,0.2367,0.27285,0,-30.33647757,30.13822724,
397,0.145,0.07295,0.0996,0.08625,0.06645,0.08595,0.17595,0.21175,0.20145,0.2366,0,-29.57368628,31.05911057,
398,0.20015,0.1061,0.10135,0.089,0.07215,0.1024,0.20325,0.24375,0.23925,0.27635,0,-28.70991283,31.42975723,
399,0.1649,0.0829,0.0922,0.0901,0.0649,0.09975,0.2131,0.25465,0.25075,0.28105,1,-29.4098937,30.66931423,
400,0.18235,0.0997,0.0921,0.0869,0.07255,0.1063,0.1983,0.23475,0.23205,0.2639,0,-29.29122837,30.73314212,
401,0.1964,0.0984,0.0931,0.0869,0.0659,0.1093,0.2504,0.3014,0.2894,0.3339,0,-29.61135899,30.89077752,
402,0.1638,0.0947,0.0907,0.0809,0.067,0.0918,0.1888,0.2254,0.2165,0.2459,0,-29.48073105,30.64805321,
403,0.1857,0.0988,0.09025,0.08395,0.06895,0.10465,0.2076,0.2474,0.24185,0.2811,0,-29.46794495,30.69488182,
404,0.2308,0.14985,0.10095,0.09485,0.08925,0.11115,0.17275,0.19535,0.1903,0.217,0,-30.53902897,29.97868586,
405,0.1935,0.11645,0.09425,0.0856,0.07375,0.10575,0.19905,0.23625,0.22835,0.26115,0,-29.25076776,30.789783,
406,0.2203,0.1294,0.11965,0.10075,0.08665,0.10875,0.18385,0.2157,0.212,0.2426,0,-28.68986826,31.57817907,
407,0.1628,0.0754,0.09365,0.0916,0.06635,0.10495,0.2327,0.28655,0.2853,0.32175,0,-29.34962032,30.79267521,
408,0.15545,0.07265,0.09785,0.08165,0.0609,0.0866,0.21965,0.27405,0.26315,0.30035,0,-28.67463285,31.43421921,
409,0.2259,0.128,0.11405,0.10205,0.091,0.12475,0.2045,0.2361,0.2343,0.26505,0,-30.55516551,29.99931537,
410,0.1615,0.0838,0.0913,0.0833,0.0597,0.0862,0.2035,0.2499,0.2341,0.2706,0,-29.61489049,30.56886952,
411,0.1867,0.1133,0.0946,0.08855,0.0782,0.11215,0.17515,0.1991,0.19825,0.21965,0,-30.11858868,30.08268671,
412,0.0991,0.0324,0.0776,0.0582,0.0353,0.0589,0.2198,0.2901,0.2786,0.3185,0,-29.51145393,30.5558917,
413,0.1762,0.0965,0.094,0.0865,0.0596,0.0945,0.1992,0.2367,0.235,0.2688,0,-29.22154362,30.79002093,
414,0.2247,0.11795,0.0975,0.0913,0.0782,0.1125,0.21675,0.2587,0.24605,0.28845,0,-29.50428075,30.87979205,
415,0.2625,0.19985,0.10835,0.0982,0.10565,0.12645,0.18825,0.21875,0.2131,0.2483,0,-30.06753235,30.16737064,
416,0.1825,0.10265,0.0948,0.0874,0.0756,0.10125,0.19,0.22505,0.2212,0.24905,0,-29.79355057,30.51686523,
417,0.1634,0.09005,0.0998,0.08465,0.06785,0.09465,0.1928,0.23125,0.22065,0.2565,0,-29.21365028,31.14560948,
418,0.2548,0.16435,0.10965,0.1,0.10115,0.13425,0.2169,0.2563,0.2471,0.28655,0,-30.23471521,30.34204996,
419,0.1525,0.105,0.0884,0.0738,0.0682,0.0799,0.0997,0.1128,0.109,0.1268,0,-29.74258333,30.35392629,
420,0.1926,0.1181,0.1087,0.0913,0.0744,0.0958,0.1826,0.2111,0.202,0.2237,0,-28.75303091,31.49119016,
421,0.23465,0.14275,0.112,0.10875,0.1033,0.13055,0.2283,0.2626,0.25675,0.2868,0,-29.70722867,30.745466,
422,0.278,0.179,0.1052,0.1,0.1082,0.13255,0.18785,0.2134,0.20855,0.2386,0,-30.53832075,30.03522132,
423,0.2047,0.1097,0.1108,0.0972,0.0827,0.1135,0.1926,0.2286,0.2211,0.2601,0,-30.5710526,30.38641562,
424,0.143,0.06295,0.10165,0.0916,0.0616,0.0959,0.251,0.32285,0.3192,0.3615,1,-30.01099045,30.54982634,
425,0.1771,0.1148,0.0891,0.0781,0.0664,0.0887,0.1721,0.2063,0.1982,0.2317,0,-29.7609598,30.33981465,
426,0.25595,0.1687,0.1016,0.09495,0.0928,0.1179,0.1876,0.2185,0.2173,0.2454,0,-30.43547977,29.99662379,
427,0.15485,0.08345,0.0898,0.0859,0.06235,0.0953,0.227,0.2841,0.26825,0.3079,1,-29.7351082,30.41180446,
428,0.21125,0.11585,0.12055,0.1052,0.08825,0.10865,0.2265,0.2721,0.26185,0.30625,0,-28.88478815,31.50529165,
429,0.0691,0.0259,0.0887,0.062,0.0388,0.0466,0.1419,0.1825,0.1769,0.1961,1,-30.32054432,30.47188236,
430,0.2429,0.13365,0.0973,0.09255,0.0758,0.11305,0.2151,0.2544,0.25175,0.28915,0,-29.21888227,30.84941528,
431,0.1597,0.087,0.11575,0.09895,0.07305,0.0932,0.1862,0.22165,0.21205,0.2457,1,-28.90925194,31.63174738,
432,0.16385,0.0766,0.109,0.0941,0.07295,0.093,0.20425,0.24525,0.24465,0.27675,0,-30.29257998,30.40576254,
433,0.222,0.1437,0.0984,0.0955,0.0925,0.1188,0.19555,0.224,0.2169,0.2454,0,-30.44774006,29.96661241,
434,0.1694,0.0813,0.10135,0.0922,0.06775,0.10075,0.18875,0.2216,0.21305,0.2468,1,-29.52835655,31.17239233,
435,0.2348,0.13085,0.10305,0.09495,0.09565,0.12215,0.222,0.2649,0.2606,0.3059,0,-29.46576512,30.43565617,
436,0.1851,0.0857,0.093,0.08765,0.0681,0.10875,0.227,0.27535,0.26565,0.31295,0,-29.47584572,30.89194358,
437,0.1927,0.09835,0.1109,0.102,0.07955,0.1103,0.23545,0.2884,0.28005,0.32245,1,-29.41880496,31.17964996,
438,0.2588,0.1837,0.1134,0.104,0.1082,0.13,0.1904,0.2168,0.2144,0.2397,0,-28.57717246,31.38073769,
439,0.1692,0.08655,0.1125,0.0993,0.0746,0.10455,0.20115,0.239,0.22705,0.2623,0,-28.9649956,31.59013001,
440,0.23905,0.1482,0.11455,0.09955,0.0949,0.1178,0.18305,0.21045,0.21145,0.2387,0,-28.58269751,31.38523609,
441,0.18445,0.1117,0.09325,0.08755,0.07615,0.1042,0.18355,0.214,0.2052,0.2335,0,-29.41424866,30.5501131,
442,0.19155,0.1162,0.10525,0.09295,0.079,0.10445,0.18725,0.2223,0.2179,0.25115,0,-28.83974496,31.37091608,
443,0.1729,0.10655,0.091,0.08325,0.07115,0.09315,0.2102,0.26495,0.26035,0.2894,1,-29.42065168,30.66991311,
444,0.1196,0.0522,0.1031,0.0839,0.0599,0.0745,0.196,0.2534,0.2437,0.2846,1,-29.00309088,31.63773105,
445,0.20445,0.10825,0.1142,0.0973,0.0794,0.10915,0.2238,0.2693,0.26035,0.2986,0,-28.66308424,31.5169195,
446,0.15615,0.0961,0.0955,0.0907,0.06915,0.09455,0.24575,0.30985,0.3063,0.3437,1,-29.4426082,30.70521947,
447,0.1386,0.06545,0.0864,0.0673,0.0513,0.07115,0.1588,0.2005,0.2015,0.2325,0,-30.30301619,30.22129512,
448,0.21725,0.13435,0.10265,0.09525,0.0925,0.11595,0.18015,0.209,0.2041,0.2334,0,-29.35823327,30.91520096,
449,0.2114,0.11945,0.09865,0.09105,0.0809,0.1085,0.2234,0.26755,0.25855,0.2959,0,-29.71559181,30.75045112,
450,0.2006,0.1123,0.0986,0.0917,0.0773,0.11315,0.2035,0.24165,0.2342,0.2724,0,-29.33982432,30.91747961,
451,0.2478,0.15975,0.12615,0.1213,0.1134,0.1387,0.2207,0.25865,0.2523,0.28665,0,-30.79538498,30.3555432,
452,0.1937,0.10605,0.09115,0.08575,0.06845,0.1001,0.1932,0.2243,0.215,0.24255,0,-30.30315383,30.011044,
453,0.2333,0.13585,0.11675,0.10525,0.0909,0.12935,0.2017,0.23245,0.22355,0.2598,0,-30.68696599,30.08852678,
454,0.18565,0.10185,0.1072,0.1023,0.0802,0.11315,0.2493,0.3092,0.2942,0.33715,0,-29.39956146,30.46100121,
455,0.1584,0.07205,0.0888,0.07905,0.05365,0.08755,0.2072,0.2508,0.2384,0.2801,0,-29.48090873,30.88946996,
456,0.2123,0.1102,0.1099,0.0994,0.0845,0.1121,0.2065,0.246,0.2389,0.2803,0,-28.82337186,31.75257336,
457,0.181,0.0965,0.1057,0.0938,0.0731,0.0967,0.1913,0.232,0.2141,0.2563,0,-29.14280671,31.49680665,
458,0.1559,0.07155,0.10485,0.0968,0.0652,0.0966,0.2356,0.2974,0.27775,0.3267,1,-29.20925217,31.49087826,
459,0.21405,0.1264,0.11655,0.1047,0.08735,0.1229,0.21015,0.24485,0.23625,0.271,1,-28.95832988,31.64965876,
460,0.16465,0.07665,0.1054,0.08905,0.06635,0.09535,0.21295,0.26555,0.2549,0.29615,0,-29.11462085,31.54791332,
461,0.2053,0.1193,0.1003,0.0915,0.07,0.107,0.211,0.2499,0.2476,0.281,0,-30.30875646,30.24785085,
462,0.1758,0.086,0.0952,0.0905,0.0635,0.0996,0.257,0.324,0.3169,0.3614,0,-29.78714812,30.42811364,
463,0.1811,0.121,0.09645,0.08185,0.07115,0.09755,0.2008,0.2424,0.2381,0.27155,0,-30.29322669,30.13427104,
464,0.18005,0.09195,0.11695,0.107,0.0848,0.11515,0.23415,0.28705,0.2663,0.3124,1,-28.98250383,31.65383298,
465,0.14145,0.06715,0.08875,0.0805,0.05555,0.08695,0.21725,0.27945,0.28065,0.31485,1,-29.42891601,30.68285292,
466,0.26555,0.17195,0.1077,0.1068,0.1151,0.14115,0.2039,0.23665,0.22675,0.25805,0,-30.35100248,30.06638913,
467,0.19845,0.1053,0.1029,0.09385,0.07485,0.1121,0.2016,0.2371,0.2256,0.2641,0,-29.52602073,31.18391526,
468,0.1804,0.1049,0.1007,0.0885,0.0654,0.0897,0.1847,0.2211,0.2169,0.2456,0,-30.51058281,30.30799157,
469,0.2097,0.1097,0.095,0.0924,0.07,0.1045,0.2212,0.2627,0.2566,0.2954,1,-29.283367,30.63546347,
470,0.1133,0.0454,0.07755,0.0612,0.0389,0.06795,0.18765,0.2373,0.2352,0.2655,0,-30.21807212,30.22123382,
471,0.1548,0.0729,0.09655,0.07905,0.0591,0.08265,0.2147,0.2736,0.2703,0.3024,1,-30.30229914,30.42126743,
472,0.1807,0.08635,0.1202,0.1075,0.0824,0.10865,0.2304,0.28655,0.27185,0.31285,1,-28.73730107,31.51356934,
473,0.18,0.10835,0.09385,0.07405,0.0646,0.0855,0.1355,0.15695,0.15245,0.17725,1,-29.92498139,30.3237142,
474,0.09635,0.0331,0.0778,0.05935,0.03745,0.05835,0.1907,0.25435,0.24775,0.2818,0,-29.32473158,30.58669132,
475,0.1649,0.0793,0.1,0.0911,0.0651,0.0942,0.2107,0.255,0.2381,0.2793,0,-29.1809828,31.16443879,
476,0.2537,0.1582,0.1135,0.1022,0.1072,0.1368,0.2021,0.2391,0.2288,0.2653,0,-30.10108404,30.34742668,
477,0.1452,0.06775,0.09055,0.0884,0.05835,0.09405,0.2428,0.30725,0.30485,0.34475,1,-29.4650253,30.68711025,
478,0.1546,0.0742,0.0902,0.0878,0.0608,0.095,0.2215,0.2756,0.27135,0.3058,1,-29.4123376,30.65221548,
479,0.1179,0.0483,0.0826,0.0707,0.0422,0.0709,0.1885,0.2313,0.2196,0.2538,0,-29.56348587,30.66856681,
480,0.22575,0.12815,0.10545,0.1014,0.09135,0.11655,0.1925,0.22255,0.2169,0.2501,0,-30.44546738,30.10264817,
481,0.2371,0.1454,0.1137,0.1066,0.0934,0.1233,0.2183,0.2577,0.2504,0.2864,0,-30.12126378,30.53277831,
482,0.1548,0.06985,0.09285,0.0903,0.06115,0.10115,0.2312,0.28075,0.27575,0.3086,1,-29.36353687,30.6946276,
483,0.17325,0.1344,0.0987,0.0908,0.08265,0.1001,0.16495,0.19245,0.1881,0.21355,1,-29.38171395,30.7036506,
484,0.18285,0.0856,0.11225,0.10165,0.0774,0.10455,0.2325,0.2917,0.2673,0.3209,1,-28.99873543,31.60157876,
485,0.1832,0.1108,0.1182,0.1063,0.0896,0.108,0.1996,0.2381,0.231,0.2613,0,-28.91707445,31.69544896,
486,0.2739,0.1839,0.1088,0.1049,0.1085,0.1386,0.2099,0.2412,0.2397,0.2678,0,-30.50983116,29.93134725,
487,0.1833,0.0929,0.1128,0.1053,0.0807,0.1126,0.2103,0.2467,0.2364,0.2709,1,-28.96969521,31.61862847,
488,0.198,0.09905,0.09975,0.0894,0.06815,0.1093,0.24545,0.29095,0.27715,0.3227,0,-29.33172864,30.98619849,
489,0.17225,0.0811,0.0901,0.07835,0.0555,0.0846,0.21105,0.26275,0.2563,0.2945,0,-29.64208423,30.77793728,
490,0.2704,0.1702,0.12135,0.1107,0.1038,0.13035,0.19925,0.22745,0.222,0.2552,0,-28.69706609,31.65531436,
491,0.192,0.09745,0.10005,0.0914,0.0726,0.10505,0.21295,0.2587,0.2504,0.29235,0,-29.91413094,30.82155607,
492,0.1812,0.09815,0.09575,0.0855,0.0723,0.10065,0.19125,0.22595,0.2215,0.25065,0,-29.29661253,30.9009236,
493,0.16645,0.0704,0.0953,0.09265,0.05975,0.0993,0.2736,0.35665,0.3426,0.39315,0,-29.4676651,30.46848921,
494,0.23305,0.1429,0.1003,0.0942,0.0875,0.11355,0.20805,0.24545,0.23875,0.27485,0,-29.34091594,30.89859695,
495,0.20515,0.1132,0.11415,0.1052,0.08415,0.11395,0.21275,0.2521,0.23835,0.2812,0,-29.12280698,31.4768871,
496,0.15995,0.06675,0.09205,0.08845,0.05615,0.09075,0.2751,0.35955,0.34185,0.3898,1,-29.30284089,30.50890404,
497,0.1801,0.0894,0.1043,0.0902,0.0682,0.0915,0.1872,0.2176,0.2103,0.2404,1,-29.09412546,31.4832731,
498,0.1877,0.1001,0.1063,0.0933,0.0759,0.1002,0.1569,0.183,0.1813,0.2074,0,-28.83499374,31.42589529,
499,0.2118,0.1606,0.10695,0.1034,0.1131,0.1405,0.2056,0.2333,0.2251,0.25515,0,-29.78369922,30.62462465,
500,0.1184,0.05905,0.0856,0.0724,0.05025,0.07255,0.1785,0.224,0.21865,0.24525,0,-29.43753976,30.70121901,
501,0.1321,0.0629,0.1016,0.0804,0.0568,0.0827,0.197,0.2304,0.2228,0.2512,0,-28.89278391,31.73631649,
502,0.1674,0.0714,0.08575,0.0794,0.0529,0.0957,0.26265,0.32335,0.3142,0.3596,1,-30.5752721,29.98984695,
503,0.1537,0.0733,0.0903,0.0833,0.0576,0.0942,0.204,0.244,0.2349,0.2696,0,-29.7575815,30.66190644,
504,0.2615,0.181,0.1256,0.1157,0.1048,0.1281,0.1899,0.2185,0.2115,0.2414,0,-28.80168904,31.57801563,
505,0.14715,0.0821,0.0901,0.0795,0.05945,0.08565,0.18865,0.22545,0.2189,0.24465,0,-29.51559409,30.66101392,
506,0.12345,0.04745,0.0796,0.0629,0.0377,0.05765,0.186,0.23555,0.2294,0.2605,0,-29.30841496,30.49336887,
507,0.17985,0.0917,0.1123,0.1023,0.0789,0.1093,0.2085,0.25155,0.2371,0.27935,1,-29.0331029,31.61351829,
508,0.2034,0.1048,0.1184,0.1149,0.0896,0.1147,0.2612,0.2991,0.2851,0.3285,0,-28.72643101,31.56852932,
509,0.17155,0.0869,0.0998,0.08815,0.06345,0.09465,0.188,0.22225,0.2119,0.2464,0,-28.92381733,31.46508415,
510,0.2078,0.127,0.1128,0.0974,0.0846,0.1071,0.1874,0.2237,0.2076,0.2427,0,-29.12815879,31.38197987,
511,0.2696,0.1877,0.1201,0.1096,0.1073,0.1284,0.1962,0.229,0.2131,0.2496,0,-28.68768271,31.62550142,
512,0.1459,0.0678,0.1007,0.08835,0.06015,0.0857,0.2249,0.28965,0.2788,0.31965,1,-29.43297619,31.1129937,
513,0.16005,0.0931,0.1085,0.09345,0.0744,0.0932,0.1768,0.20945,0.19685,0.23045,1,-28.97438365,31.67108104,
514,0.1218,0.04945,0.0894,0.0697,0.04745,0.07005,0.2016,0.25995,0.2522,0.2876,0,-28.66844495,31.37707995,
515,0.19025,0.09455,0.11095,0.10055,0.0766,0.10885,0.21585,0.25695,0.2491,0.287,1,-29.14501263,31.47843355,
516,0.1647,0.0721,0.106,0.0966,0.0651,0.0926,0.2471,0.3114,0.2903,0.3443,1,-29.25626179,31.4433083,
517,0.1722,0.097,0.1138,0.0941,0.0652,0.0953,0.183,0.2213,0.2076,0.2443,1,-28.69649966,31.73380166,
518,0.18375,0.0981,0.10185,0.0964,0.07215,0.10735,0.2326,0.2836,0.27705,0.316,1,-29.91583294,30.58542928,
519,0.2488,0.153,0.1144,0.1012,0.0887,0.1105,0.1983,0.2255,0.2138,0.2471,0,-28.74117626,31.53669752,
520,0.14645,0.0659,0.09195,0.0864,0.0577,0.0922,0.2425,0.30855,0.30455,0.34075,1,-29.37368394,30.74637102,
521,0.24575,0.16055,0.11465,0.11325,0.1115,0.13595,0.2154,0.248,0.2426,0.2734,0,-29.71333295,30.72477962,
522,0.19455,0.09865,0.09855,0.0954,0.0712,0.10725,0.25295,0.31285,0.30315,0.3471,1,-30.71608571,30.28331495,
523,0.24795,0.13785,0.09805,0.09315,0.0785,0.12545,0.2322,0.27305,0.2769,0.3155,0,-30.29279387,30.18625949,
524,0.1902,0.0826,0.0969,0.0901,0.0656,0.1069,0.267,0.3364,0.3299,0.3823,1,-30.68163253,30.43754366,
525,0.2267,0.1263,0.1028,0.0967,0.1042,0.1266,0.1934,0.2242,0.2229,0.257,1,-29.75940588,30.5507247,
526,0.2001,0.10655,0.09985,0.0951,0.076,0.11275,0.22815,0.27025,0.27445,0.3039,1,-29.9554797,30.47378069,
527,0.1867,0.0887,0.0916,0.0827,0.0586,0.0939,0.225,0.2746,0.2743,0.3066,0,-29.24370673,30.768638,
528,0.185,0.0956,0.1041,0.0921,0.0754,0.1102,0.2351,0.2851,0.2824,0.3188,0,-30.05012534,30.6685124,
529,0.17835,0.09895,0.1131,0.0974,0.07845,0.1015,0.16755,0.1957,0.18285,0.215,0,-28.88965906,31.62748202,
530,0.2145,0.12195,0.1205,0.1034,0.09305,0.1222,0.2022,0.23865,0.2218,0.2642,0,-28.88736628,31.65989009,