idx,B1,B10,B11,B2,B3,B4,B5,B6,B7,B8,B9,BQA,amplitude,phase,class,croptype 
0,0.11900264,300.3709717,299.0056458,0.095006585,0.085757717,0.05823547,0.303929985,0.166057199,0.085473627,0.077306591,0.001300011,20512,0.006319421,2.480757442,0,Others
1,0.13482514,301.4963684,299.4758301,0.111978099,0.090732127,0.072621062,0.270909101,0.193868101,0.114700772,0.080971241,0.001389668,20480,0.097818923,1.056958205,0,Others
2,0.130297691,306.974762,304.8809814,0.114177763,0.108883873,0.122356325,0.240763158,0.293848842,0.219091028,0.113991648,0.00140901,20480,0.027511426,-1.088813794,0,Others
3,0.145217746,304.3216858,300.584137,0.130729571,0.129744276,0.136987984,0.249993727,0.26908955,0.209544584,0.111287162,0.001300011,20480,0.015412773,-1.627299248,0,Others
4,0.13070254,301.4385071,298.9474487,0.111241102,0.099909708,0.089476652,0.252942711,0.201106399,0.124622278,0.097952046,0.001432896,20480,0.05721889,2.001618506,0,Others
5,0.122976229,309.8810425,308.3192139,0.107866555,0.097737372,0.105831817,0.196780205,0.275009304,0.259781539,0.098648846,0.001609886,20480,0.058431646,2.119016088,1,Sugarcane
6,0.100693122,300.2107544,300.0168457,0.078450322,0.055398442,0.034604672,0.057893805,0.014569121,0.01113699,0.046850141,0.001177232,20512,0.12515798,-0.400882074,0,Others
7,0.140134573,301.9284058,299.533783,0.123071201,0.116845988,0.111807592,0.265481621,0.251870126,0.175200462,0.116868377,0.001346192,20480,0.069891345,2.02713933,0,Others
8,0.127472594,306.4057617,304.415802,0.1095469,0.099491224,0.096850768,0.212691933,0.232070714,0.179586545,0.097189315,0.001113774,20480,0.208589093,1.835434613,1,Sugarcane
9,0.134043708,303.0052185,300.5813904,0.117853664,0.115211308,0.10601186,0.285717815,0.254828781,0.167785779,0.114064984,0.001620417,20480,0.121519835,1.836243723,1,Sugarcane
10,0.127202764,305.4499207,303.4848633,0.107758313,0.094930679,0.092332557,0.19596836,0.211051613,0.137193784,0.081047714,0.001436658,20480,0.034509272,2.970740807,0,Others
11,0.108535349,311.6805725,310.1575012,0.090676844,0.077793896,0.093898937,0.138767391,0.185091108,0.169086248,0.089606762,0.001532049,20480,0.133453694,1.97201373,0,Others
12,0.132936567,303.466095,300.9507141,0.115363702,0.101959489,0.093345791,0.23501122,0.235080317,0.162324488,0.08369568,0.00105246,20480,0.060720705,0.90930285,0,Others
13,0.10609135,304.8477173,304.1107788,0.086539999,0.076975882,0.054402616,0.343602359,0.187838912,0.095437288,0.069502786,0.001447095,20512,0.195081259,-2.390887306,0,Others
14,0.156889111,303.7754517,301.710907,0.141872704,0.135654256,0.141202018,0.25317654,0.372734815,0.315260768,0.130334035,0.001224475,20480,0.03688168,1.7635619,1,Sugarcane
15,0.10330832,301.4768982,300.6399536,0.083623424,0.073818609,0.051992886,0.252628803,0.161721319,0.085802123,0.065319292,0.00143302,20512,0.247045826,-2.871406902,0,Others
16,0.136460349,302.1472778,299.5889893,0.119578421,0.105161197,0.092729107,0.253486842,0.228728801,0.168012738,0.097962663,0.001246474,20480,0.129069349,1.867362444,1,Sugarcane
17,0.133506283,300.8209839,298.8282166,0.115858294,0.111532383,0.095327012,0.304070503,0.21320644,0.11337968,0.103821941,0.001420981,20480,0.097375584,1.944814944,1,Sugarcane
18,0.155623168,304.3895264,301.3871765,0.135472089,0.114863567,0.111083739,0.31782198,0.289942652,0.179722607,0.110313326,0.001450966,20480,0.220966075,1.702469744,0,Others
19,0.13834314,301.4385071,299.8342896,0.121212594,0.113822944,0.102313012,0.29679507,0.2653822,0.172693804,0.113464661,0.001501129,20480,0.039188249,2.243041548,1,Sugarcane
20,0.106479652,300.8009033,299.6394653,0.085073464,0.071467616,0.054795414,0.268704891,0.142284095,0.079275385,0.060098208,0.001200779,20512,0.128051073,-1.859517415,1,Sugarcane
21,0.122167043,310.3477783,308.8642273,0.108786389,0.107663423,0.131402463,0.22011131,0.283810854,0.254365504,0.116213813,0.001355286,20480,0.200035551,1.325385047,1,Sugarcane
22,0.140076265,301.5657959,299.4233398,0.122019738,0.106509417,0.099302247,0.264881819,0.225045234,0.159653306,0.100575939,0.001074853,20480,0.111716731,1.069243046,1,Sugarcane
23,0.109406397,306.0878906,305.4915771,0.092153326,0.079253376,0.075856678,0.190980643,0.22990635,0.162653804,0.073868394,0.001742729,20480,0.054582208,-0.552718687,0,Others
24,0.122836463,306.1586304,304.7324829,0.106867,0.100909978,0.109925091,0.239643961,0.269571781,0.189983219,0.102469854,0.001148472,20480,0.073191235,-1.640770583,1,Sugarcane
25,0.112121731,301.9806519,300.5847168,0.091908693,0.078954898,0.062532395,0.219938129,0.187090844,0.113842525,0.071008995,0.001367714,20512,0.099918963,2.333302427,0,Others
26,0.111913651,302.6431885,301.7346191,0.092031226,0.076395683,0.065703914,0.214498803,0.178265452,0.109136581,0.072359525,0.001374437,20512,0.113949194,1.810837815,0,Others
27,0.154973134,305.3554688,302.9015808,0.133859038,0.111733772,0.104077809,0.194095597,0.239477664,0.185367242,0.107327983,0.001658248,20480,0.102264701,1.713100907,1,Sugarcane
28,0.129085317,302.7090759,300.8203735,0.110263489,0.108354539,0.105291262,0.267818362,0.228177071,0.147337869,0.097823858,0.001277597,20480,0.054654242,0.750967182,1,Sugarcane
29,0.15268597,304.7574158,301.3762817,0.131355196,0.107857637,0.093219817,0.239357293,0.223032966,0.138701424,0.113467202,0.001733422,20480,0.045906166,1.408742685,0,Others
30,0.124933131,300.3522644,299.7259521,0.10449554,0.092731968,0.078977078,0.26027602,0.197826684,0.110598207,0.088204771,0.001480139,20512,0.094711916,-1.251880696,1,Sugarcane
31,0.112255849,304.6497192,303.3058777,0.095102608,0.087184891,0.08183451,0.204856873,0.191467375,0.128387973,0.086407661,0.001814606,20480,0.143381215,3.015883391,1,Sugarcane
32,0.122058548,305.1060791,304.043335,0.107662357,0.099942483,0.102957562,0.226163238,0.193071142,0.141473278,0.093727395,0.001643882,20480,0.048867656,2.165791014,0,Others
33,0.140790239,303.5093689,301.5532227,0.126280531,0.118288673,0.110934265,0.24660331,0.234213307,0.159952268,0.116330951,0.001231603,20480,0.042304705,0.864773882,1,Sugarcane
34,0.11198099,306.7674866,305.8686523,0.09549889,0.083072007,0.082415462,0.174492717,0.220572948,0.155968055,0.081291623,0.001700013,20480,0.048032423,-1.177140696,0,Others
35,0.114449278,308.3567505,306.5441284,0.099213511,0.095135979,0.089159757,0.258246839,0.248449311,0.190680414,0.090434864,0.001822912,20480,0.169304523,1.896898298,1,Sugarcane
36,0.109873004,301.6748352,300.9026489,0.094355114,0.090017676,0.08602038,0.251274645,0.186425284,0.110345662,0.087218091,0.001418198,20480,0.120104769,3.062029226,1,Sugarcane
37,0.139194071,293.3306885,292.7634583,0.116666839,0.080674365,0.06080012,0.05065107,0.042268094,0.033060946,0.07231494,9.65E-04,20512,0.105244027,0.554446071,0,Others
38,0.135499239,302.2600403,301.2536621,0.118611112,0.103987604,0.099585682,0.253330529,0.216874182,0.124734268,0.100437418,0.001231603,20480,0.179033013,2.032781852,1,Sugarcane
39,0.113632202,300.2315063,298.8613586,0.092054203,0.079401284,0.059739202,0.267170846,0.174065918,0.090838328,0.068156287,0.00187791,20512,0.036794115,2.781461372,0,Others
40,0.124862634,298.4255066,297.2967224,0.103678979,0.090534367,0.064357102,0.264063746,0.149658456,0.078900479,0.082719252,0.001231603,20512,0.039348165,2.257360417,0,Others
41,0.111718707,302.5136108,300.9136047,0.093157448,0.088271841,0.068360358,0.264226228,0.150690213,0.076956756,0.081776358,0.001436125,20512,0.143874735,2.51520144,1,Sugarcane
42,0.129800826,307.5229492,305.8434753,0.117386609,0.111827761,0.129129648,0.224285737,0.251721919,0.235712588,0.121416911,0.001460394,20480,0.098610307,2.871933335,0,Others
43,0.114898056,300.3103027,299.1707153,0.096448347,0.095096737,0.084829941,0.271692574,0.196268156,0.111407615,0.084743723,0.001429123,20480,0.076020633,-1.423411917,1,Sugarcane
44,0.12750119,299.6610107,297.7056885,0.106220275,0.094981015,0.067596816,0.386187404,0.181440458,0.08719644,0.07130485,0.00136596,20512,0.073169264,2.513106224,0,Others
45,0.133037895,299.2486572,298.2804565,0.111896336,0.1053643,0.09205012,0.300643802,0.180650443,0.112238094,0.113064818,0.001279452,20480,0.118319426,2.850248056,0,Others
46,0.098962009,302.6974182,302.282959,0.0786791,0.059154768,0.048141383,0.156060606,0.141135693,0.086564109,0.054286338,0.001501929,20512,0.166852435,-1.86058653,0,Others
47,0.120622456,302.4632263,300.9807739,0.104497641,0.103181228,0.093819231,0.289644241,0.200248584,0.112691812,0.089526102,0.00145224,20480,0.123391002,-2.789741902,1,Sugarcane
48,0.118558116,305.0556641,303.3163452,0.102147534,0.091328442,0.087301821,0.275672555,0.261159599,0.189355254,0.08293131,0.00119865,20480,0.085584896,-2.876716181,0,Others
49,0.120415486,304.7521362,303.5839233,0.098538809,0.087659746,0.083029062,0.232571185,0.188523978,0.132283419,0.080956824,0.001472427,20480,0.057041931,-2.724220801,1,Sugarcane
50,0.124192625,304.8160706,303.7240295,0.110009417,0.103344753,0.110892788,0.178101584,0.218501344,0.190582991,0.104648054,0.00138675,20480,0.170545323,2.306887049,1,Sugarcane
51,0.16010119,305.10849,302.0691528,0.142598391,0.126636431,0.137760922,0.225866526,0.238202587,0.195058614,0.137357846,0.001410151,20480,0.051633122,1.484288388,0,Others
52,0.103913352,301.6292725,301.2032166,0.084486611,0.065465108,0.056639526,0.203162313,0.155100659,0.089183599,0.060245141,0.001362223,20512,0.083731904,2.731192066,0,Others
53,0.140401691,306.3518372,303.9968567,0.11679969,0.099630512,0.085218266,0.238755405,0.213359252,0.134401992,0.09579771,0.001634675,20480,0.077370326,2.08739283,0,Others
54,0.112407364,306.0130615,304.8283691,0.095322959,0.090068996,0.080812678,0.22918956,0.206770509,0.141247422,0.090669319,0.001526132,20480,0.168235191,2.497145138,1,Sugarcane
55,0.110946983,301.7744446,301.1069946,0.095807165,0.090991512,0.085916489,0.219841361,0.184100151,0.109265693,0.087678686,0.001550354,20480,0.175643355,2.090983058,1,Sugarcane
56,0.151578501,302.5586548,301.1963806,0.129525468,0.104896367,0.089127004,0.23090969,0.21165739,0.131289393,0.100996159,0.00145564,20480,0.082499106,1.794560659,0,Others
57,0.109796882,306.8776245,306.6057434,0.093031377,0.075116038,0.079082981,0.129498005,0.251957178,0.208492011,0.074719742,0.001679759,20480,0.140972665,-0.071469543,0,Others
58,0.114192344,305.6211548,304.4264526,0.097036704,0.081978634,0.080426738,0.164493352,0.221107602,0.169441968,0.079600833,0.001705033,20480,0.087165684,2.770495424,0,Others
59,0.113684788,306.177948,305.0806274,0.095012844,0.083618455,0.081328005,0.199857622,0.222793654,0.161127299,0.084956989,0.001553749,20496,0.116140525,2.857387175,0,Others
60,0.106964514,300.7082214,300.0759888,0.089062735,0.076983944,0.070948064,0.192592978,0.174044222,0.106426276,0.073140278,0.001627706,20512,0.156236455,2.938920867,1,Sugarcane
61,0.143435955,293.0269775,292.7015381,0.125519976,0.092469841,0.070153505,0.059494235,0.04586383,0.037728034,0.085152954,8.45E-04,20512,0.122891652,0.192214461,0,Others
62,0.106259212,300.9317932,300.4657593,0.08675354,0.072674736,0.063516498,0.174371064,0.174312115,0.096412957,0.070278242,0.001125364,20512,0.055377294,-0.397577129,0,Others
63,0.128467888,300.7232056,298.43927,0.107302748,0.096401297,0.07830786,0.291449696,0.205632538,0.11965853,0.080908895,0.001478384,20512,0.073979392,1.918399915,0,Others
64,0.111537471,303.0754089,302.3764038,0.095801324,0.091374218,0.08868175,0.251676559,0.215504125,0.134996623,0.089084342,0.001930885,20480,0.056228154,-1.127144105,1,Sugarcane
65,0.115886584,305.2709351,304.4633179,0.103226066,0.102417424,0.101865873,0.233184814,0.243075281,0.169651553,0.096901014,0.0020548,20480,0.076279805,0.253983357,1,Sugarcane
66,0.117207207,303.6210938,302.0042114,0.094436787,0.079364628,0.077268824,0.174519405,0.148362234,0.095228918,0.077803865,9.75E-04,20480,0.192941252,1.721080501,1,Sugarcane
67,0.115113467,311.1773682,308.2147827,0.095507137,0.08155553,0.092961639,0.162957937,0.221873984,0.180864632,0.084981218,0.00129918,20480,0.103878808,0.436298095,0,Others
68,0.130794659,301.4477539,299.218811,0.110734411,0.097747728,0.091523647,0.221585438,0.213024482,0.142821714,0.092570081,0.001182707,20480,0.113508603,1.226267255,0,Others
69,0.10799624,307.1252747,306.1516724,0.09153232,0.081381671,0.086150944,0.181270391,0.198217332,0.137072504,0.081773676,0.001819974,20480,0.155208782,2.58997978,1,Sugarcane
70,0.156441733,306.9224243,303.7023621,0.135520235,0.110120721,0.100996159,0.183240846,0.24672462,0.17782177,0.10593161,0.001620417,20480,0.055124038,1.460758093,0,Others
71,0.098654956,299.9377441,299.3546143,0.078049615,0.059406772,0.039543256,0.18892327,0.090839863,0.042876437,0.050802067,0.001434093,20512,0.211423305,-2.778342558,0,Others
72,0.155599087,305.9395142,303.0604858,0.13556838,0.115441382,0.109075658,0.228384867,0.271532893,0.185077056,0.108965106,0.001523873,20480,0.08015145,1.375819784,0,Others
73,0.124967396,306.15448,304.6721497,0.109089404,0.099798851,0.102290452,0.228750408,0.266891003,0.221491665,0.096368268,0.001271593,20480,0.104726891,2.417846864,1,Sugarcane
74,0.103206724,298.8442383,298.5694885,0.083267912,0.065186493,0.054551709,0.18794623,0.121895805,0.070352972,0.053854853,0.001237361,20512,0.208213433,3.077795384,0,Others
75,0.12659651,308.2213745,306.0229187,0.111378297,0.103303656,0.114916816,0.257419944,0.237785339,0.174078301,0.109680578,0.001400293,20480,0.034357942,-0.331921656,0,Others
76,0.109463796,303.460083,302.5886841,0.090799384,0.073282622,0.069056764,0.152626827,0.202498436,0.140331477,0.071669988,0.001963556,20512,0.12945942,3.05012863,0,Others
77,0.135185748,301.5125732,299.9279175,0.11787606,0.109098054,0.099581085,0.261685431,0.237429276,0.141724467,0.095594905,0.001404904,20480,0.054660896,2.245602025,0,Others
78,0.127371997,307.1444397,305.2631836,0.111328095,0.105531842,0.113644674,0.248096779,0.266283363,0.21002166,0.105118863,0.001419936,20480,0.137058035,1.992715603,1,Sugarcane
79,0.13162379,298.8214111,297.5853577,0.115962513,0.11015863,0.104838401,0.271773398,0.240863681,0.146519721,0.110918663,0.001248023,20480,0.053641057,-2.013395719,1,Sugarcane
80,0.110635549,300.0899658,299.0361328,0.088540994,0.077697173,0.051799648,0.316031456,0.159673274,0.073304899,0.067934722,0.001100438,20512,0.132332853,-1.537607986,1,Sugarcane
81,0.132924467,303.2906189,301.1309204,0.113604046,0.103357993,0.105556972,0.211140484,0.230299369,0.175952911,0.102395497,0.001074853,20480,0.014442054,2.556539416,1,Sugarcane
82,0.174176961,293.3033752,293.3252869,0.163714528,0.149951369,0.128960669,0.090340935,0.059669834,0.048855066,0.120786108,0.001053457,20480,0.127507184,-1.039991061,0,Others
83,0.15381752,304.6333923,302.6021423,0.134533137,0.114719115,0.108652122,0.235745981,0.264997542,0.163086534,0.111348569,0.001595487,20480,0.103115249,1.80336031,1,Sugarcane
84,0.125237197,306.4654541,304.5743408,0.108705491,0.104223624,0.106803514,0.251936674,0.262498647,0.181093097,0.102340087,0.001453622,20480,0.05800627,-2.745629162,0,Others
85,0.133091971,310.1849365,308.8388672,0.120398104,0.109713078,0.117149144,0.207909301,0.269242644,0.221189067,0.121355332,0.001314725,20480,0.137909452,1.721735229,0,Others
86,0.139601067,293.0817871,292.7307129,0.120654762,0.087482333,0.064534754,0.054059707,0.040429011,0.033481196,0.083907247,0.001001011,20512,0.125131686,0.217855534,0,Others
87,0.150422886,302.3474121,299.533783,0.128056869,0.105305649,0.087586179,0.266967773,0.192623451,0.100767903,0.096807048,0.001497029,20480,0.040369014,2.537285447,0,Others
88,0.152180389,306.7428589,303.4072876,0.132342279,0.112287506,0.106051989,0.225406617,0.269860774,0.206542566,0.109302163,0.001497029,20480,0.142876243,1.306956755,1,Sugarcane
89,0.150109902,304.6130981,301.2345581,0.129790291,0.109422535,0.098058961,0.269692242,0.2134936,0.122892059,0.097962663,0.001203764,20480,0.120971254,2.344022919,0,Others
90,0.118633643,306.6190796,305.0404663,0.10185802,0.089451194,0.084336966,0.198072851,0.203776225,0.153557613,0.090543687,0.001210547,20480,0.137570473,2.866380879,0,Others
91,0.115341648,303.6556702,302.8713074,0.0990519,0.090170756,0.090000495,0.200033545,0.20843488,0.145156458,0.080608502,0.001691648,20480,0.089258815,1.795562695,0,Others
92,0.112416551,305.1235962,304.4507446,0.093250766,0.080026865,0.075759158,0.171852112,0.21941328,0.174384475,0.074957661,0.001382922,20480,0.114722045,1.455650448,1,Sugarcane
93,0.152132243,303.0623474,299.9058838,0.129862517,0.103331469,0.086165734,0.249299809,0.196295887,0.105000161,0.096614443,0.00163712,20480,0.15756901,1.856197786,0,Others
94,0.128042415,302.4920959,300.8031006,0.108067982,0.098864511,0.083738424,0.235673755,0.220962301,0.135327637,0.09084335,0.001367253,20480,0.044544934,0.061047785,0,Others
95,0.15148221,305.4899597,302.9285278,0.130175501,0.10889288,0.095326439,0.300539106,0.238725707,0.153843433,0.097625606,0.001372291,20480,0.062967512,1.419987087,0,Others
96,0.124038994,303.4998779,302.0402832,0.106395677,0.099477485,0.09585382,0.235015944,0.250304818,0.166398972,0.096284375,0.001365212,20480,0.082100462,-1.754189116,1,Sugarcane
97,0.110442325,302.7785034,301.1696777,0.089410104,0.080201991,0.064135201,0.288661361,0.20187971,0.105303884,0.083525017,0.001366416,20512,0.122278046,2.361003964,0,Others
98,0.111978024,312.5152893,310.8370972,0.094867632,0.089752227,0.110582232,0.167200655,0.219281167,0.19291383,0.095937744,0.001546387,20480,0.094020626,1.538657061,0,Others
99,0.11849229,303.7108459,302.3562927,0.10103301,0.090585992,0.085812397,0.28116703,0.222536787,0.152401432,0.084553875,0.001132044,20480,0.128299031,2.938281318,0,Others
100,0.119761735,305.6683044,304.2813416,0.101890981,0.089756235,0.102621257,0.164145067,0.246796682,0.210664898,0.089428976,0.001148988,20480,0.020060245,2.742630777,1,Sugarcane
101,0.167933911,303.1576538,301.7878418,0.153162614,0.153969392,0.154961467,0.251820624,0.234644562,0.141020954,0.095898502,0.001276052,20480,0.086715728,2.843743515,1,Sugarcane
102,0.103171036,299.4762878,298.8307495,0.082657576,0.060744181,0.05201523,0.164531738,0.148285896,0.080570474,0.060769796,0.001539655,20512,0.071252724,2.894703529,0,Others
103,0.138693422,302.024353,300.3669434,0.128229514,0.128552228,0.149998367,0.285296798,0.290101796,0.226856023,0.129831702,0.001091035,20496,0.174549727,2.202032177,1,Sugarcane
104,0.112477042,303.6773682,301.6477661,0.094164416,0.082892194,0.07401678,0.232572183,0.223860502,0.141902015,0.07692799,0.001451549,20496,0.012564823,0.658062703,0,Others
105,0.140358493,302.5586548,300.6361694,0.121730782,0.11404065,0.112322457,0.253919005,0.255699635,0.190137848,0.115435235,0.001495769,20480,0.062198624,2.213447847,1,Sugarcane
106,0.159643754,306.875885,303.7774048,0.142237261,0.128466159,0.133473828,0.255189121,0.299213499,0.227706119,0.129236564,0.001648333,20480,0.229856659,1.938337354,1,Sugarcane
107,0.131752774,303.2814941,301.526001,0.113055594,0.102261096,0.118680522,0.234050259,0.292470843,0.232085988,0.107147291,0.001128528,20480,0.010560858,-2.610890314,0,Others
108,0.142886087,293.1070862,292.6386108,0.124115586,0.104881391,0.072479777,0.047919538,0.034756381,0.028469147,0.090446658,0.001255183,20512,0.096006377,-0.479582346,0,Others
109,0.117703415,310.6821289,308.8120117,0.103135653,0.093656458,0.10724967,0.161634341,0.255048335,0.200662285,0.096522287,0.00162601,20480,0.205022693,2.182723889,0,Others
110,0.119881332,302.1947327,300.6815186,0.101191208,0.095603794,0.091972485,0.196907401,0.232868895,0.157436192,0.09800829,0.001192329,20480,0.094564129,1.795516037,1,Sugarcane
111,0.128602237,302.8885803,301.1718445,0.106478088,0.087623291,0.06303592,0.352329403,0.194728389,0.098707758,0.076786295,0.001271403,20512,0.037129188,-0.711144501,0,Others
112,0.11141102,301.4863281,300.9196777,0.095950574,0.091342524,0.087994501,0.217157751,0.197982043,0.126319304,0.087122157,0.001579301,20480,0.136519776,2.680768077,1,Sugarcane
113,0.121242017,305.6620483,305.2384033,0.109143093,0.104487464,0.118071795,0.213147223,0.254169732,0.209250942,0.104555428,0.001391189,20480,0.030043719,-0.436333033,0,Others
114,0.137876242,303.6055603,301.9020386,0.11871402,0.1029149,0.09939833,0.154171467,0.143988252,0.124644324,0.092466109,0.001154938,20480,0.049374884,1.31940441,0,Others
115,0.107024752,300.4249573,299.6508179,0.088210575,0.07721746,0.065202683,0.224746585,0.150373459,0.085529193,0.056268342,0.001588775,20512,0.100289857,2.7803186,0,Others
116,0.110437959,304.2017212,303.4910278,0.093369491,0.080562428,0.072063699,0.196651325,0.207501858,0.130424112,0.077711314,0.001589777,20480,0.076622074,0.842934185,0,Others
117,0.125898302,302.630249,301.1248474,0.108552963,0.097683221,0.096508026,0.251587868,0.266948491,0.168671802,0.096458688,0.001180076,20480,0.095588811,2.217022535,1,Sugarcane
118,0.101118073,303.3357849,302.7879639,0.082302779,0.06463597,0.060884699,0.206732005,0.169932157,0.083344363,0.05829864,0.001570501,20512,0.054804823,-0.347673436,0,Others
119,0.153191552,294.7857666,293.7897339,0.130825534,0.100322045,0.080556169,0.067362875,0.022173408,0.013096995,0.093340188,0.001829723,20512,0.102971372,-1.18077996,0,Others
120,0.118424654,309.4743042,308.1183777,0.103093535,0.094777502,0.098627642,0.203506738,0.23989287,0.217030585,0.096810058,0.001434778,20480,0.159365172,2.388885738,1,Sugarcane
121,0.159095019,304.1994934,301.5505066,0.143718973,0.134327486,0.143853396,0.25309962,0.296367764,0.262274116,0.103163943,0.001591394,20480,0.078822294,1.340457052,1,Sugarcane
122,0.118794538,295.2748108,294.5993347,0.094789073,0.072912946,0.050857507,0.292212158,0.113751374,0.043487377,0.06298352,0.001455532,20512,0.067082729,1.937993022,0,Others
123,0.102564856,300.8659058,300.6123047,0.084364973,0.068553552,0.059411362,0.227104425,0.171927646,0.110892564,0.053288914,0.001492986,20512,0.072826819,-0.638280796,0,Others
124,0.111131355,306.5369263,304.9434814,0.091712773,0.072522864,0.060764052,0.178694978,0.180231944,0.130316988,0.066601746,0.00120324,20512,0.1146431,1.990736882,0,Others
125,0.150808096,307.9065552,304.4721069,0.130392179,0.105955683,0.103981502,0.189667597,0.230401248,0.17288053,0.102055475,0.001645347,20480,0.137352965,1.561794796,0,Others
126,0.096519262,300.7732239,300.8728027,0.075618535,0.05534704,0.040504258,0.229009718,0.119930692,0.050634332,0.048364557,0.001654337,20512,0.109060732,-1.744146355,0,Others
127,0.150976613,305.2163391,301.9715576,0.130536631,0.110698529,0.109422535,0.250464231,0.23954989,0.16241242,0.10925401,0.00152006,20480,0.03146528,1.502921522,0,Others
128,0.098859668,301.3533325,301.1647949,0.077751644,0.061254509,0.042666208,0.255138516,0.142946571,0.072099678,0.053989857,0.001882727,20512,0.101262371,-1.903190879,0,Others
129,0.13497749,301.3690186,299.2022095,0.108573727,0.10187237,0.098392472,0.267666548,0.214260399,0.12230286,0.099529691,0.001228195,20480,0.082024328,1.809854189,1,Sugarcane
130,0.118542671,307.0609131,306.1744385,0.10459587,0.101761967,0.107735418,0.227744132,0.276027381,0.212400466,0.107737981,0.00164798,20480,0.154269267,1.655169574,1,Sugarcane
131,0.153624907,305.604187,302.0989685,0.13434054,0.118354499,0.111011513,0.271497905,0.294734925,0.189622805,0.112913467,0.001709346,20480,0.037085426,1.945287984,0,Others
132,0.110085204,303.3212891,302.46875,0.092106164,0.083128944,0.071768478,0.22914356,0.200346649,0.136475325,0.081222892,0.001531712,20512,0.140061233,-3.084982127,0,Others
133,0.119338565,305.3304443,303.5194702,0.099449761,0.092712745,0.080999583,0.242579341,0.218272746,0.138890237,0.081775427,0.00141311,20480,0.095126934,3.069767872,0,Others
134,0.1202721,303.1003418,301.875061,0.102476582,0.094171137,0.086672738,0.210520029,0.187183321,0.135355309,0.089107618,0.001185615,20480,0.077450215,1.002484194,1,Sugarcane
135,0.112788975,306.986084,305.7168274,0.094811335,0.081958517,0.07946007,0.150831476,0.18992573,0.149725914,0.09066537,0.001377115,20480,0.072724987,2.004400386,0,Others
136,0.139965206,300.9900513,299.6643677,0.117457613,0.10798873,0.096281901,0.274528384,0.170299619,0.104095951,0.109496027,0.001135812,20480,0.086321132,-2.682104329,0,Others
137,0.122193456,304.1851501,302.4671936,0.102702886,0.093280464,0.082858175,0.246725708,0.234001815,0.159106329,0.086109295,0.001425687,20480,0.111776327,-2.19512187,1,Sugarcane
138,0.15073587,302.6710205,301.0545044,0.129236564,0.104294486,0.083493367,0.234565303,0.147277892,0.081263714,0.095651425,0.001794924,20512,0.088475046,1.838723787,0,Others
139,0.114160173,307.7272339,306.0928345,0.097302392,0.085895851,0.082176186,0.219383657,0.217002645,0.143342569,0.079659685,0.001767018,20480,0.120128374,2.793439365,0,Others
140,0.132309988,300.1348267,298.8078613,0.115247011,0.107296675,0.105471507,0.229495198,0.17459178,0.140256256,0.102539308,0.001452314,20480,0.095232157,-1.752304006,0,Others
141,0.105979308,298.7677612,297.8199463,0.08352147,0.065166742,0.041984476,0.247600079,0.139036149,0.067708507,0.056804106,0.001300524,20512,0.072788813,2.099732767,0,Others
142,0.157308444,294.1369934,293.1373291,0.136073962,0.107376128,0.086550936,0.060597692,0.020512208,0.013726824,0.099046052,0.001404904,20512,0.066486708,-0.480802164,0,Others
143,0.106866956,299.0671082,298.8114014,0.08615616,0.067591608,0.05405936,0.157465145,0.139935687,0.088202164,0.063576341,0.00147681,20512,0.186907883,1.680668413,0,Others
144,0.142105147,300.5250549,299.0333252,0.123071201,0.116420522,0.105963051,0.310747087,0.282933891,0.189510837,0.123899736,0.001367253,20480,0.050678828,-2.510599197,1,Sugarcane
145,0.128423482,311.3519287,309.1911621,0.114380941,0.109166384,0.124831319,0.21670799,0.279262692,0.255545288,0.114535794,0.001398647,20480,0.19794155,1.723919931,0,Others
146,0.108183235,304.8207703,304.072876,0.089790493,0.07627026,0.068308532,0.190267891,0.202448457,0.137557819,0.073603891,0.00183705,20512,0.097401238,2.904764968,0,Others
147,0.10860166,302.0565186,300.3737183,0.087690599,0.077401541,0.058481395,0.307899088,0.194191456,0.098949686,0.069200039,0.00158869,20512,0.121732225,2.666651381,0,Others
148,0.133896291,314.3682556,311.699646,0.120741926,0.118515402,0.148173898,0.2352404,0.275605828,0.260846853,0.126079723,0.001886901,20480,0.079531955,2.575919377,0,Others
149,0.149002433,305.10849,302.1016846,0.130079195,0.114961736,0.111106515,0.245753735,0.264675975,0.206474081,0.113576628,0.001720135,20480,0.228375108,1.965273897,1,Sugarcane
150,0.136785507,309.0314331,307.5553894,0.124673307,0.121911228,0.137955293,0.215239555,0.274587214,0.249192476,0.119079165,0.00179288,20480,0.041204588,1.770042831,0,Others
151,0.15776588,302.7099915,300.2907104,0.136146188,0.117391482,0.113154218,0.265422672,0.275981098,0.183236897,0.115730286,0.00145564,20480,0.07189195,1.877098316,0,Others
152,0.113248453,308.0808716,306.8657227,0.094302014,0.077022076,0.073250964,0.157765031,0.21434328,0.147714972,0.079146042,0.001611916,20480,0.141036854,2.061516456,1,Sugarcane
153,0.15455848,305.3388672,303.6596069,0.141524971,0.12777701,0.121497244,0.127818212,0.12896505,0.104432166,0.12139903,0.001327265,20480,0.026282132,0.019231401,0,Others
154,0.149941385,305.7115784,302.4940796,0.128032789,0.104535237,0.094062455,0.215549782,0.220819265,0.141852051,0.100201674,0.001635217,20480,0.044651993,1.622012733,0,Others
155,0.130074263,307.0091553,305.0839233,0.112553231,0.104574159,0.10565301,0.241103888,0.248553038,0.192556351,0.102212831,0.00124908,20480,0.1672259,2.347443394,1,Sugarcane
156,0.124285184,303.8143616,302.1261902,0.105332971,0.093205079,0.09005893,0.21457088,0.176207572,0.120168038,0.088379338,0.001159307,20480,0.059362632,1.588588356,0,Others
157,0.106490195,302.9672852,302.0662842,0.08768858,0.076819092,0.066726528,0.192784607,0.20943062,0.132361919,0.069556989,0.001673868,20512,0.111296541,1.948659396,0,Others
158,0.157846451,293.6033936,293.1691589,0.145769149,0.136772156,0.101715021,0.078606121,0.043624561,0.02976427,0.122806653,0.001137218,20512,0.133679308,-0.866193786,0,Others
159,0.117964625,303.9698792,302.3602295,0.097539827,0.088273048,0.072208196,0.295134723,0.180968732,0.109625936,0.079924986,0.001515284,20496,0.150515949,-3.047190393,0,Others
160,0.117481425,300.878479,299.4530029,0.097894475,0.095525645,0.071315408,0.352538198,0.182199866,0.083961695,0.082968436,0.001226448,20512,0.171777677,2.9974622,1,Sugarcane
161,0.136644602,305.2297974,302.9069519,0.116860732,0.10343349,0.090569124,0.229799375,0.259192735,0.193820998,0.097610511,0.001495769,20480,0.119884884,1.228488065,1,Sugarcane
162,0.108292133,303.8156738,303.0029297,0.092640892,0.087118432,0.083825536,0.210004926,0.205077469,0.137775391,0.082770303,0.001512971,20480,0.10481418,2.333866875,1,Sugarcane
163,0.122130923,306.5456543,305.5970459,0.108801603,0.106795624,0.106882423,0.196130782,0.245688543,0.207123339,0.103597723,0.00133312,20480,0.238135958,1.436803593,1,Sugarcane
164,0.113654412,308.5991211,307.0090027,0.097949713,0.091137543,0.095252708,0.182904869,0.222504765,0.172460154,0.091925547,0.001742677,20480,0.078827775,1.944769635,0,Others
165,0.107067868,302.1219788,301.4474487,0.08680284,0.073383622,0.058215767,0.24331817,0.172966152,0.093685918,0.063148722,0.001538776,20512,0.114171265,-2.972369112,0,Others
166,0.117413312,307.7316895,305.9805298,0.10136129,0.095291242,0.097917661,0.242834449,0.28008604,0.204695508,0.09400852,0.001554628,20480,0.123470415,-2.920362497,1,Sugarcane
167,0.114947855,300.7975464,299.4197083,0.096170396,0.090059966,0.076267093,0.241738528,0.174749389,0.096730828,0.083182856,0.001261255,20480,0.072011745,-0.477370406,1,Sugarcane
168,0.141227826,293.3306885,292.8852844,0.123648897,0.106977135,0.077448338,0.04909692,0.033743829,0.028351409,0.095650695,0.001289747,20512,0.081159671,-0.27121624,0,Others
169,0.132792503,305.0002441,303.4085693,0.119456358,0.114847593,0.127783895,0.236625195,0.267081767,0.207624406,0.121164143,0.001599082,20480,0.169687728,2.438663043,1,Sugarcane
170,0.113607675,303.6815796,302.4769287,0.095414966,0.080902889,0.074283004,0.219023347,0.222386628,0.150811344,0.073211312,0.001616545,20496,0.125721575,2.981084388,0,Others
171,0.135880291,303.8694458,302.4523926,0.116237342,0.105986744,0.110223383,0.25369224,0.219002187,0.139885083,0.098008223,0.001434248,20480,0.06783556,-1.311643399,0,Others
172,0.111000702,300.1376648,299.7102661,0.090975881,0.075474337,0.062037431,0.189028636,0.165411919,0.1142819,0.069192007,0.001132484,20512,0.059137202,2.996859201,0,Others
173,0.110367671,304.1817322,302.8370972,0.094199643,0.083889306,0.082210824,0.168125242,0.188398018,0.125966936,0.081631914,0.001694756,20480,0.172495813,2.586190672,1,Sugarcane
174,0.122204751,299.769043,298.6116638,0.101762503,0.094821595,0.081918567,0.282717019,0.214070216,0.133896723,0.06895566,0.001341918,20480,0.054383209,1.023520956,0,Others
175,0.120955296,312.4467773,310.9232178,0.107536122,0.099607401,0.110829435,0.232185349,0.301864922,0.205545127,0.107098863,0.00143353,20480,0.144443098,1.327991661,0,Others
176,0.153576761,305.577301,302.5913391,0.132245988,0.109687366,0.097962663,0.227959394,0.228250504,0.154116362,0.105450101,0.001522711,20480,0.18870668,1.934473,0,Others
177,0.137089133,293.1170349,292.7895813,0.112792879,0.07549388,0.053994838,0.044293191,0.031883564,0.0216919,0.072526872,0.001200927,20512,0.106596828,0.34471421,0,Others
178,0.118789397,299.8746643,298.8504028,0.096602082,0.07735645,0.068369806,0.216637969,0.195784196,0.108291909,0.069074877,0.001601238,20512,0.040476358,-0.597958554,0,Others
179,0.149676546,307.1702576,303.428772,0.128032789,0.103138864,0.094086528,0.183599129,0.265713781,0.197952956,0.099455334,0.001727342,20480,0.023355854,1.355732892,0,Others
180,0.1156727,307.7927856,305.8955688,0.097933941,0.088354096,0.086061418,0.238818258,0.227595925,0.171032846,0.077077597,0.001095474,20480,0.097677089,-3.105674213,0,Others
181,0.153263777,299.5975342,297.5209656,0.131114438,0.109494761,0.087128751,0.291667104,0.191974059,0.092437759,0.1002739,0.001661195,20480,0.156728248,1.773264507,0,Others
182,0.110577986,306.138092,305.4909973,0.092753753,0.080329202,0.076470099,0.186272383,0.180640548,0.128257483,0.07718049,0.001537401,20480,0.081101751,1.370944082,0,Others
183,0.106123902,305.9606018,305.1300659,0.087923661,0.071583383,0.066959627,0.173959225,0.202175498,0.140229255,0.078288943,0.001538776,20512,0.169658731,2.514835698,0,Others
184,0.118819386,302.3643188,301.5860596,0.105760962,0.103060171,0.109948657,0.212017655,0.25024569,0.17596975,0.105152875,0.001539655,20480,0.157528368,2.408067901,1,Sugarcane
185,0.101727352,305.9199829,305.2335205,0.082926303,0.066004924,0.060231112,0.190408796,0.189138353,0.131464094,0.064174779,0.001989613,20512,0.056155006,-2.046576086,0,Others
186,0.124398552,305.6921692,303.8596191,0.107945032,0.097674049,0.085408702,0.222770631,0.218178496,0.143711522,0.091864817,0.001371121,20480,0.071372222,1.011732305,0,Others
187,0.101753697,301.8339233,301.5279541,0.080424525,0.058792997,0.043024451,0.20750092,0.110207573,0.049348727,0.050619557,0.001343544,20512,0.115364801,2.233068867,0,Others
188,0.116636887,301.9616089,300.1929626,0.095541701,0.083013415,0.070280999,0.24458164,0.175757587,0.103131391,0.080470219,0.001822274,20512,0.051648226,1.863173568,0,Others
189,0.165758893,306.656311,304.754364,0.148304254,0.13162002,0.141243011,0.275096387,0.318650514,0.237589076,0.136218414,0.001546618,20480,0.021528445,1.586153025,0,Others
190,0.136388272,301.85672,300.5429077,0.12487936,0.125877187,0.142270565,0.284965754,0.288848758,0.216692924,0.127870664,0.001225934,20480,0.054595708,1.694943697,1,Sugarcane
191,0.125135735,307.5235596,305.5037231,0.108083099,0.097951278,0.101850823,0.209894001,0.25512898,0.185930461,0.10085994,0.001283079,20480,0.014778353,-0.216103299,0,Others
192,0.143312335,303.7886353,302.2383728,0.126444161,0.120844766,0.121620387,0.239187598,0.210718438,0.160449684,0.102833897,0.001290522,20480,0.080691457,2.565094743,0,Others
193,0.158584431,306.6296692,303.608551,0.139348224,0.121773198,0.121409848,0.267258883,0.260921717,0.177396297,0.113996856,0.001569362,20480,0.067709805,2.391862569,0,Others
194,0.12598227,301.8591919,299.7571716,0.100485489,0.08156158,0.067369044,0.263949305,0.181081697,0.09289562,0.066561952,0.001253996,20512,0.095032644,0.964317032,0,Others
195,0.160221562,308.6976318,305.0679626,0.139372289,0.119799018,0.119750872,0.219942749,0.285761237,0.221493363,0.11960642,0.0014835,20480,0.052811105,1.785255981,0,Others
196,0.099012718,303.2422485,302.7796631,0.077876046,0.064582758,0.03956759,0.307974875,0.171885788,0.085384443,0.054609139,0.001344055,20512,0.116811773,-1.049118596,0,Others
197,0.104140699,299.6647644,298.8252258,0.082434222,0.063000664,0.048288852,0.239282429,0.144172907,0.068952359,0.057993796,0.001332683,20512,0.065044338,-2.919104104,0,Others
198,0.174586371,303.2609863,300.5868835,0.17148459,0.156974003,0.157227904,0.197999954,0.212635607,0.189794347,0.140085176,0.00147084,20480,0.036007748,0.749415269,0,Others
199,0.119824275,307.2318726,306.3642273,0.105299287,0.096218809,0.096258059,0.180580631,0.208888829,0.152988404,0.095356807,0.001678011,20480,0.100595319,1.659759689,0,Others
200,0.152613744,305.2904053,302.6480408,0.132101536,0.107833564,0.095386595,0.235819295,0.231721401,0.155321822,0.102224,0.001907358,20480,0.154792773,1.769785187,0,Others
201,0.109591886,307.0712891,306.0061035,0.092007317,0.086386755,0.100931302,0.200328618,0.252004862,0.214217052,0.092314132,0.001462813,20480,0.114188008,1.714839885,0,Others
202,0.114740863,311.1845703,309.3113708,0.099630266,0.093362622,0.095065899,0.225384429,0.247245491,0.189521879,0.100065492,0.001273431,20480,0.148212584,1.331469417,0,Others
203,0.137466073,303.2865906,302.1496277,0.122223459,0.117039099,0.121635936,0.257479966,0.289647698,0.230757415,0.119496852,0.001366799,20480,0.088387875,1.790239389,1,Sugarcane
204,0.119563565,299.1759033,298.366333,0.097249784,0.091578007,0.070716776,0.286038935,0.152653128,0.086104736,0.083283022,0.001124057,20480,0.128795331,-0.714889301,1,Sugarcane
205,0.126101524,300.228363,297.7839661,0.104718506,0.097523592,0.072171099,0.308824092,0.179840341,0.105634913,0.088093542,0.001546566,20512,0.049870665,0.324946663,0,Others
206,0.11654371,305.2147827,303.9279175,0.09866073,0.083657399,0.083873883,0.173536077,0.23177886,0.171901852,0.079885483,0.001481956,20480,0.144267189,2.238234849,0,Others
207,0.1059248,305.2674866,303.4631348,0.087700218,0.083121628,0.061925191,0.280316204,0.210901245,0.123273365,0.076074526,0.001479737,20512,0.032485515,-0.594957782,0,Others
208,0.11065197,301.3338013,300.0924072,0.092593297,0.080742791,0.072854146,0.201977029,0.192959219,0.113671653,0.076992169,0.00158241,20496,0.110801697,2.168101697,0,Others
209,0.112756535,299.1033936,298.3125,0.09272477,0.084005445,0.06831681,0.255147159,0.199788347,0.108070269,0.078225911,0.001435657,20512,0.124440303,2.204415616,0,Others
210,0.119189352,302.0915527,300.6130066,0.098863833,0.086408108,0.07829158,0.225333616,0.189667165,0.116827056,0.07813786,0.001742102,20496,0.063280758,-1.511271365,0,Others
211,0.150054604,302.1196594,299.6248474,0.132543385,0.12412367,0.1196227,0.266407967,0.218218505,0.153934404,0.123407096,0.001410151,20480,0.010767934,0.549875129,0,Others
212,0.117163703,304.3755798,303.1682739,0.10346549,0.102862284,0.102128446,0.230835885,0.224279195,0.148560286,0.099198386,0.001551552,20480,0.205218455,2.850851855,1,Sugarcane
213,0.111980721,304.3994751,303.3190308,0.093272589,0.075828776,0.070692137,0.147219419,0.184013456,0.13552615,0.072050571,0.001743021,20512,0.131734291,2.346652785,0,Others
214,0.115366846,301.0802002,299.9397583,0.095996074,0.089079544,0.077811286,0.263148546,0.176504999,0.099178687,0.091602311,0.001411116,20480,0.097313372,-1.512113547,1,Sugarcane
215,0.128876477,301.4755554,299.8095093,0.113028891,0.110815406,0.110515259,0.264203578,0.273388237,0.199753314,0.10914284,0.001312779,20480,0.086399942,1.557474911,0,Others
216,0.122182727,302.9530029,301.2854309,0.105829924,0.097856142,0.092652507,0.22889173,0.237934932,0.172639906,0.085855618,0.001130726,20480,0.078905201,2.535882559,0,Others
217,0.127300858,306.1055603,304.8840027,0.118857078,0.120176256,0.144422203,0.249345601,0.331406087,0.2284199,0.130049974,0.001573149,20480,0.112527164,1.773966007,0,Others
218,0.119776458,302.5088501,301.4633484,0.101163,0.093407288,0.090804249,0.242531389,0.242938638,0.166327715,0.095892005,0.001089942,20480,0.038749209,2.148563622,0,Others
219,0.130126417,301.7839355,300.3306885,0.1124833,0.111087054,0.1082118,0.292729914,0.241960764,0.168876112,0.112464949,0.001227488,20480,0.172700452,1.53637276,1,Sugarcane
220,0.150278434,304.0704041,300.87146,0.129092112,0.107809484,0.094495811,0.24260433,0.216023996,0.134760275,0.102512904,0.001540819,20480,0.119838559,1.673753691,0,Others
221,0.116070658,309.1579895,307.836792,0.100373045,0.09091185,0.09197323,0.198136583,0.245585918,0.203736693,0.093025893,0.001942472,20480,0.09287611,0.906801647,1,Sugarcane
222,0.154343247,305.6601257,302.7344055,0.131032616,0.101580538,0.102281772,0.165092826,0.250523835,0.19054091,0.101849504,0.001570558,20480,0.121054638,2.099582573,1,Sugarcane
223,0.148689464,302.9686279,300.1011963,0.126540124,0.101188764,0.086647242,0.258010626,0.178269625,0.087712862,0.09288276,0.001773404,20512,0.112365336,2.334508787,0,Others
224,0.125794604,300.4386902,299.0582581,0.10582602,0.098665409,0.093320459,0.246977255,0.22862345,0.150883153,0.094639637,0.001220653,20480,0.115253791,1.407218814,0,Others
225,0.139768302,305.0007935,303.217865,0.121166959,0.11661239,0.123279296,0.226749063,0.245266885,0.188877285,0.0944262,0.001545051,20480,0.064572947,2.057284154,0,Others
226,0.116480932,304.412384,303.4993286,0.10139934,0.089949682,0.092876635,0.163160503,0.239402369,0.175909311,0.089131415,0.001420239,20480,0.131225113,2.144801965,1,Sugarcane
227,0.12962006,301.4616394,299.7984924,0.112162352,0.105736621,0.091182485,0.329038024,0.236633226,0.136207014,0.095460795,0.001321262,20480,0.024297049,-0.289726992,1,Sugarcane
228,0.124430865,305.5181274,304.6873474,0.111453027,0.10696397,0.113668844,0.217778057,0.290884018,0.242293,0.102317035,0.002045518,20480,0.207722819,2.615505863,1,Sugarcane
229,0.124069527,298.5394287,297.3528137,0.102258898,0.082567148,0.06481003,0.248639211,0.106773026,0.057762455,0.076970547,0.00127157,20512,0.056133234,2.22625826,0,Others
230,0.110085636,294.5031738,294.7637939,0.091040887,0.070169538,0.039634131,0.014557074,0.003935748,0.002539022,0.057399932,8.96E-04,20512,0.100633158,0.456404487,0,Others
231,0.109408334,302.09021,301.6534424,0.094661362,0.089687899,0.085825019,0.209412903,0.188901633,0.115074396,0.086586446,0.001839616,20480,0.087175448,-0.083002396,1,Sugarcane
232,0.123278968,301.3904724,299.9449463,0.103930727,0.096470311,0.093641162,0.256751448,0.249616683,0.15019089,0.094046876,0.00152575,20480,0.094961914,2.221708171,1,Sugarcane
233,0.11225608,302.2348022,300.647583,0.091193289,0.077632509,0.061489135,0.233685493,0.146514237,0.077605076,0.070287734,0.001160913,20512,0.153821794,2.462672236,1,Sugarcane
234,0.112782724,308.0270996,306.9880371,0.096506894,0.08676073,0.082289845,0.197476968,0.231740832,0.173721492,0.0840206,0.001726023,20480,0.146872538,1.846217854,0,Others
235,0.108721301,299.7324219,298.4403076,0.084905803,0.066614658,0.040929679,0.292911053,0.138214409,0.062946126,0.057353824,0.001094313,20512,0.045990621,1.90527804,0,Others
236,0.125849515,304.7390747,303.0628052,0.109304689,0.101362444,0.099801205,0.24597238,0.273652732,0.189343676,0.101707891,0.001504358,20480,0.056419255,-1.035001971,1,Sugarcane
237,0.133857816,303.1628418,299.6634521,0.111494444,0.090569124,0.075934142,0.206366286,0.19878839,0.164169922,0.091434196,0.001427935,20480,0.111117558,1.695482717,1,Sugarcane
238,0.110221088,304.1087036,302.399353,0.09025415,0.078599021,0.06075234,0.243757129,0.198770523,0.118817821,0.069969997,0.001201389,20512,0.098038242,2.848536204,0,Others
239,0.140739173,293.3803101,292.734436,0.118547842,0.080462441,0.059740476,0.050815903,0.039819133,0.031436156,0.072762348,0.001137218,20512,0.098772783,0.616092971,0,Others
240,0.116048492,305.93927,304.918457,0.101219401,0.091772795,0.098553941,0.168703929,0.21642819,0.151989222,0.092162564,0.001558176,20480,0.179357607,2.241669474,0,Others
241,0.120272093,301.3759766,299.7764587,0.097453758,0.083503,0.057863168,0.232509851,0.159620523,0.087466538,0.073336639,0.00163712,20512,0.161539448,0.519842441,0,Others
242,0.113681406,308.1358948,306.9286499,0.097512193,0.095727816,0.113717511,0.231719375,0.240551382,0.190307304,0.099474669,0.001173841,20480,0.067767558,0.750592146,0,Others
243,0.109995067,299.2824097,298.951355,0.090033114,0.075910226,0.060301699,0.243319541,0.178493917,0.098754913,0.068371922,0.001416165,20512,0.149225041,1.996893804,0,Others
244,0.118374631,301.0626831,299.895874,0.100541912,0.098572373,0.088178352,0.266195595,0.194163859,0.100843474,0.091540903,0.001392859,20480,0.046121076,2.67695457,1,Sugarcane
245,0.150061756,306.0689087,302.4859924,0.128610611,0.107087225,0.096999645,0.226501048,0.248045802,0.159750715,0.10518527,0.001901949,20480,0.073520056,2.146989439,0,Others
246,0.122855037,306.2926025,304.4111328,0.106499568,0.099018298,0.108271614,0.229538411,0.243417606,0.180415183,0.09847188,0.001308351,20480,0.045206836,-1.63673139,0,Others
247,0.141458139,303.6231384,301.7435303,0.126510844,0.10755609,0.107396193,0.226634726,0.273976743,0.215162456,0.112899348,0.0014835,20480,0.115316889,0.77915551,1,Sugarcane
248,0.118676499,305.4151306,304.177063,0.104642928,0.096983492,0.102709107,0.188670456,0.251922786,0.186653033,0.099865906,0.001707093,20480,0.137485992,2.687120306,0,Others
249,0.116770193,307.1185303,305.7137451,0.100665078,0.09097378,0.092717141,0.182639778,0.246874258,0.187071711,0.094067663,0.001814135,20480,0.082385807,2.730756729,0,Others
250,0.109814972,308.3660278,306.383606,0.092656806,0.084916338,0.082402736,0.2215745,0.230109543,0.170984775,0.093569078,0.001440399,20480,0.156528868,1.392419005,0,Others
251,0.10996858,299.4580688,298.6115112,0.085641265,0.067485243,0.04292722,0.270021588,0.14345175,0.064539596,0.059182763,0.001167064,20512,0.125139371,-1.420357543,0,Others
252,0.140414849,293.4720764,292.8823853,0.125132397,0.109426096,0.081145324,0.050627522,0.037323076,0.030517796,0.094049454,0.001171685,20512,0.078924983,-0.406978215,0,Others
253,0.11542172,308.8477173,307.1679688,0.09883628,0.093911752,0.104951262,0.22012946,0.235967353,0.202230394,0.106686622,0.001454985,20480,0.149083127,1.14948131,1,Sugarcane
254,0.116035014,311.0309448,309.3777771,0.100572199,0.086482346,0.088855766,0.171703637,0.274854004,0.20911938,0.088126451,0.001643385,20480,0.148207913,-0.10382436,0,Others
255,0.13422285,300.2821655,298.7949219,0.116980344,0.112854809,0.097814977,0.294243723,0.233585462,0.134578884,0.099159814,0.00144591,20480,0.019091163,2.264901507,1,Sugarcane
256,0.118356965,310.4451599,308.6365967,0.102962032,0.09669733,0.120637044,0.190725923,0.292994499,0.262302786,0.104366764,0.001609583,20480,0.084249494,0.132129829,0,Others
257,0.127559692,309.8471069,308.0596924,0.117763773,0.119367778,0.152022019,0.231041551,0.284671962,0.24866271,0.134219706,0.001721365,20480,0.07377548,2.591169177,1,Sugarcane
258,0.148737609,306.0956726,302.6507568,0.126829028,0.104077809,0.097168177,0.228004187,0.202207595,0.144283667,0.102801815,0.001566123,20480,0.113075124,1.546059396,1,Sugarcane
259,0.145972282,302.453064,300.342865,0.131738946,0.13200596,0.152636096,0.269627243,0.31087175,0.270613432,0.128311127,0.001142032,20480,0.061096861,1.10296822,1,Sugarcane
260,0.115716547,302.8920898,302.1086426,0.098626405,0.089524671,0.084758632,0.225018755,0.237497345,0.171822309,0.086507902,0.001818869,20480,0.123974918,2.897006793,0,Others
261,0.141273901,301.037262,298.8226624,0.123631932,0.110219583,0.102972865,0.269271493,0.244246766,0.120706953,0.116146766,0.001427935,20480,0.088407927,2.281658714,0,Others
262,0.11854881,304.6416626,302.5751648,0.098432682,0.086831339,0.073039256,0.264394134,0.198802948,0.125344425,0.081041709,0.001253498,20480,0.036396448,1.470491912,0,Others
263,0.108763978,304.5510254,303.7131653,0.088657275,0.072135136,0.058244392,0.217437506,0.195619404,0.121416137,0.065916225,0.00157227,20512,0.085092745,2.346121677,0,Others
264,0.10954605,304.6547241,303.3208618,0.092537165,0.081021555,0.075349957,0.162090272,0.186598927,0.1307033,0.077218309,0.001549794,20496,0.143331149,1.892446922,1,Sugarcane
265,0.110015064,301.8414917,300.6544189,0.088630348,0.07660313,0.055285562,0.24799639,0.176949888,0.099228472,0.06517157,0.001341826,20512,0.113680805,-1.363177527,0,Others
266,0.118026152,302.7787476,301.0648193,0.099345274,0.089639381,0.079665065,0.24891302,0.208110511,0.116051808,0.082064956,0.00155799,20480,0.096651448,2.038666235,0,Others
267,0.127513334,307.1723633,305.0599976,0.111393854,0.103914946,0.108037867,0.246341094,0.297662973,0.222179592,0.100545481,0.001411504,20480,0.078122895,3.073426782,1,Sugarcane
268,0.156586185,306.2494202,304.117157,0.136603624,0.117463708,0.109302163,0.258424968,0.285531461,0.201470301,0.108339146,0.001661195,20480,0.068801774,2.18161015,0,Others
269,0.144077599,302.8977356,300.7374573,0.123837702,0.118189357,0.099563271,0.278634459,0.255121946,0.140694395,0.105234027,0.001143113,20480,0.12133867,1.545414547,0,Others
270,0.12310221,300.5973511,298.9723816,0.103180148,0.093437918,0.078718528,0.257023871,0.202175379,0.115524806,0.083764777,0.001365761,20480,0.075364543,0.161840143,1,Sugarcane
271,0.137783319,303.6754456,301.4007874,0.118864186,0.117588788,0.114449948,0.301528126,0.255670309,0.163313612,0.11749538,0.001793121,20480,0.076332251,1.673045547,0,Others
272,0.138163999,293.4175415,292.8475952,0.120493509,0.097911276,0.064379372,0.043257095,0.029434603,0.024277659,0.084512644,0.001098285,20512,0.132424734,-0.631409486,0,Others
273,0.122744642,306.7813721,305.6913452,0.112614699,0.113576517,0.129199445,0.248557985,0.287354827,0.203741193,0.118690491,0.001369132,20480,0.143675098,1.460866161,0,Others
274,0.100316867,300.476532,299.7175903,0.079158932,0.058808543,0.044352531,0.181161642,0.12977466,0.072882153,0.050071441,0.00161661,20512,0.217917613,-2.964579031,0,Others
275,0.187376201,302.8374329,301.2077026,0.17476359,0.176353574,0.188970506,0.271689832,0.337390184,0.291061938,0.174558118,0.001192219,20480,0.042475736,-1.505859387,0,Others
276,0.176903293,304.4753723,302.3562012,0.153595626,0.136759758,0.12400043,0.2882303,0.234662592,0.151843339,0.130241916,0.001773404,20480,0.043665372,1.255548334,1,Sugarcane
277,0.102010094,300.8515625,300.2442017,0.079646662,0.058296792,0.04418654,0.21917133,0.133083194,0.055747703,0.052634351,0.001790537,20512,0.207244059,-2.729690019,0,Others
278,0.137469813,302.0436401,299.5641479,0.120473631,0.113890126,0.104440339,0.268890351,0.233663693,0.145854369,0.10914284,0.00127157,20480,0.032931463,2.008007314,0,Others
279,0.140767202,302.7329102,300.7730103,0.126211435,0.124753289,0.121526092,0.267784745,0.270558953,0.185632154,0.113912731,0.001246474,20480,0.054077949,1.075830566,0,Others
280,0.132830724,303.2339172,301.7436523,0.12072362,0.116998583,0.135576084,0.266527563,0.279822111,0.228133976,0.122125126,0.001547216,20480,0.181255729,2.84318938,1,Sugarcane
281,0.109095767,305.5538635,304.6659851,0.091651455,0.083877757,0.088829756,0.210852295,0.219711393,0.159021348,0.079125002,0.001637743,20480,0.187292963,0.932572186,0,Others
282,0.113450915,306.0838623,305.0540161,0.098865792,0.092881195,0.10464,0.190662473,0.253666759,0.212748453,0.090137839,0.001735549,20480,0.179504787,2.900875282,0,Others
283,0.121904612,304.8200684,304.1190491,0.108749717,0.103277102,0.117020138,0.214911327,0.294154406,0.244448096,0.10593845,0.001421563,20480,0.212063496,2.805704134,1,Sugarcane
284,0.130426154,302.0782166,299.8480835,0.111010782,0.09832222,0.091815606,0.254173726,0.207912609,0.127593309,0.088563792,0.001255183,20480,0.078250695,0.5573988,1,Sugarcane
285,0.143459752,293.2400208,292.8242798,0.124622792,0.093244083,0.07336846,0.06157295,0.048776872,0.039269842,0.085467517,0.00104164,20496,0.134038239,0.809519703,0,Others
286,0.141602069,293.1552124,292.7441406,0.123164698,0.081748664,0.059187021,0.04688549,0.029985471,0.024762854,0.077941865,9.10E-04,20512,0.107767562,0.121899623,0,Others
287,0.121606439,298.8545532,297.4565125,0.098770954,0.08331307,0.067641981,0.185343832,0.183252007,0.117588788,0.075916432,0.001273684,20512,0.097456351,1.491251916,0,Others
288,0.136140376,303.7618103,301.9444275,0.112831235,0.093602188,0.081106968,0.225321352,0.219552144,0.141803905,0.088225745,0.001819854,20480,0.110732208,2.062277834,1,Sugarcane
289,0.138231173,301.7068176,299.4012451,0.119869024,0.111540504,0.103432655,0.285576254,0.267236501,0.172619477,0.107970655,0.001388353,20480,0.0401343,2.892986822,0,Others
290,0.123471767,308.6378784,307.0415649,0.110074088,0.107572854,0.119635433,0.185065299,0.255309522,0.207308769,0.106050059,0.001592751,20480,0.113660087,1.805110243,0,Others
291,0.119626574,311.8571777,310.1620789,0.104307145,0.091318794,0.093210638,0.165049076,0.236122116,0.212786615,0.088196345,0.001829949,20480,0.128110695,1.930680713,0,Others
292,0.114391983,303.4991455,302.9854736,0.098365933,0.096571915,0.094758347,0.209968075,0.190237969,0.13493,0.093840256,0.001388973,20480,0.178502786,0.858558659,1,Sugarcane
293,0.14803943,299.616333,297.2293701,0.124951147,0.10224808,0.077041171,0.325838625,0.117439635,0.069305927,0.091919743,0.001473998,20512,0.150942542,0.646216535,0,Others
294,0.141400516,303.5821838,301.5586548,0.122055173,0.113307908,0.100116991,0.308119029,0.255528092,0.162946329,0.106823206,0.001507047,20480,0.178187764,1.108375585,1,Sugarcane
295,0.139149278,293.3182678,292.9548645,0.119018093,0.0849365,0.05672637,0.047048271,0.033908665,0.026962096,0.074151658,0.001346192,20512,0.10107175,0.391285129,0,Others
296,0.097506866,300.7951355,300.7953186,0.0764933,0.057904478,0.039555397,0.181510583,0.093811616,0.044845931,0.050036423,0.001184198,20512,0.014811518,-0.703678722,0,Others
297,0.124212801,306.0097961,304.4247437,0.107856333,0.095463544,0.109105892,0.212888449,0.267920971,0.198460251,0.099939764,0.001399965,20480,0.108887275,2.633026517,0,Others
298,0.118425369,306.9871216,305.551178,0.101287507,0.08790274,0.088524535,0.181389347,0.232549444,0.164121568,0.083429486,0.001371906,20480,0.089594749,2.316286669,0,Others
299,0.116627224,303.4667358,301.9799194,0.09766762,0.087663263,0.076225296,0.22187984,0.18808794,0.136999846,0.082039922,0.00127918,20480,0.04144206,-1.780032912,0,Others
300,0.137634948,304.2198792,302.3994751,0.121167585,0.116998918,0.128779054,0.23001343,0.226452902,0.168554336,0.123138383,0.001012546,20480,0.134390653,1.441524168,1,Sugarcane
301,0.110820062,301.9888916,301.1595459,0.090343878,0.078113854,0.066598833,0.222162738,0.19444868,0.119110435,0.072564393,0.001529076,20512,0.106738526,2.67615097,0,Others
302,0.144366816,302.8061829,301.0681458,0.129113376,0.119018093,0.119863227,0.224331751,0.245490462,0.167035207,0.125594825,0.001119639,20480,0.04096855,1.149542885,0,Others
303,0.140923396,293.0827637,292.6330872,0.122533455,0.091266133,0.066509321,0.055935428,0.041616216,0.033732992,0.085138425,0.001151379,20512,0.107998234,0.081298622,0,Others
304,0.114580482,305.5761719,304.5834961,0.099248953,0.092790931,0.091445044,0.218572378,0.232918173,0.164737806,0.070909351,0.0015063,20480,0.127122432,0.391874942,0,Others
305,0.119711794,301.4801636,299.0361023,0.09834715,0.084660821,0.073828466,0.265335321,0.176997274,0.114808232,0.084836781,0.001365761,20512,0.028751194,-0.796262513,1,Sugarcane
306,0.116004437,306.9315186,305.686615,0.100795254,0.094945386,0.102028072,0.183033615,0.212412536,0.175215825,0.097653627,0.001520255,20480,0.266752025,2.216789217,1,Sugarcane
307,0.113314137,303.7206116,302.7202454,0.096809149,0.095465839,0.078661397,0.277180552,0.191148445,0.120356515,0.083066612,0.001855164,20480,0.142853914,2.99172192,1,Sugarcane
308,0.112789005,300.5493774,300.0854492,0.098486185,0.089966096,0.090047531,0.188292459,0.207450196,0.133003831,0.089348286,0.001520255,20480,0.167949606,2.343611055,1,Sugarcane
309,0.097497873,302.4977417,302.0459595,0.077120513,0.056025401,0.043948732,0.199115336,0.13869679,0.066501334,0.05162587,0.001617634,20512,0.06283347,-0.967479922,0,Others
310,0.127882123,307.8022766,306.0689087,0.113585144,0.11319606,0.126539588,0.204399809,0.289405048,0.236831665,0.110822529,0.0012669,20480,0.074501865,2.249297282,1,Sugarcane
311,0.157019541,303.8367615,300.690918,0.138433352,0.123241797,0.122206554,0.308103472,0.257047743,0.190965801,0.117728539,0.001300065,20480,0.04438392,-2.395968975,0,Others
312,0.107992157,299.1140747,297.9584351,0.085036531,0.064317599,0.044381678,0.229104534,0.131117582,0.0673756,0.057595368,0.001128628,20512,0.231357152,-0.849202912,0,Others
313,0.126555949,305.0870361,303.139679,0.107677653,0.097730115,0.087404564,0.234999359,0.216137916,0.160531789,0.090135172,0.001295773,20480,0.220151846,1.616340688,1,Sugarcane
314,0.113640346,303.9310303,302.2629395,0.09399011,0.084126897,0.078131035,0.212221012,0.180383354,0.125750095,0.083878696,0.001398927,20480,0.112735185,1.928463584,0,Others
315,0.122444205,303.0989075,301.1118164,0.102313012,0.091788366,0.066394851,0.322152346,0.191326275,0.099484205,0.082069859,0.001106736,20512,0.109106962,1.45116395,0,Others
316,0.132844448,301.051178,298.8919983,0.113336943,0.104078367,0.090693772,0.267139852,0.213222608,0.142471209,0.100439429,0.001459952,20480,0.072277645,1.065743449,1,Sugarcane
317,0.148712993,302.5769958,300.5813904,0.133013636,0.126027182,0.122024104,0.225897834,0.215964347,0.147952959,0.120845146,0.001097246,20480,0.010374618,-1.745985608,0,Others
318,0.112184167,301.8067932,301.317627,0.094451547,0.084032059,0.075515583,0.212424606,0.18603155,0.120681629,0.077850237,0.001410103,20480,0.100678106,-2.703166224,0,Others
319,0.126658499,302.5908203,301.0880432,0.108917594,0.105255768,0.089733817,0.30453825,0.210232377,0.13339965,0.09549509,0.00145965,20480,0.052359858,-2.756883062,0,Others
320,0.143045649,301.3991394,299.721344,0.129990593,0.121973954,0.1196227,0.282374084,0.283259332,0.194464415,0.11787606,0.001098285,20480,0.08853694,1.568550365,1,Sugarcane
321,0.141849682,293.365448,292.8475952,0.123056151,0.103680462,0.07231494,0.046483129,0.032872565,0.02651469,0.090988256,0.001277597,20512,0.084764044,0.066583407,0,Others
322,0.099164277,302.0765381,301.5631104,0.078436561,0.060325697,0.043432966,0.180524245,0.10094583,0.051015764,0.055769306,0.001620622,20512,0.035173761,-1.070569129,0,Others
323,0.143570244,293.0349121,292.5863037,0.129206151,0.105493627,0.074269399,0.056302514,0.041466016,0.03223142,0.093861073,9.90E-04,20512,0.091199127,-0.622001577,0,Others
324,0.109868437,302.9998779,302.3900757,0.094096631,0.087194085,0.078798696,0.210530505,0.195096731,0.120188221,0.079976551,0.001486431,20480,0.049249114,-0.207164081,1,Sugarcane
325,0.200834334,302.6466675,300.8759155,0.196291447,0.181997463,0.195332363,0.217780411,0.186759531,0.16913715,0.154410154,0.00120895,36864,0.005025739,-1.338572042,0,Others
326,0.110594459,305.6657104,304.0561523,0.093364686,0.080744743,0.074021302,0.204668939,0.215898305,0.139009804,0.078340523,0.001515861,20496,0.140242939,2.962518776,1,Sugarcane
327,0.101235479,302.3649292,301.8826599,0.081166372,0.063345067,0.049192272,0.177878439,0.117795654,0.063485011,0.053171262,0.001676434,20512,0.086049013,2.538166125,0,Others
328,0.136920974,301.8453369,300.0984497,0.12896052,0.121503703,0.123097345,0.259815991,0.206176057,0.133143857,0.117181875,0.001246474,20480,0.077391268,2.972027906,1,Sugarcane
329,0.121220879,306.3172302,304.7520142,0.106080383,0.097886391,0.102747321,0.21448487,0.250421882,0.19955793,0.11070586,0.001503524,20480,0.075905019,2.662795618,1,Sugarcane
330,0.118137203,309.7629395,308.3308105,0.101719692,0.085510209,0.086403534,0.136385471,0.206429005,0.2020123,0.085717767,0.001680662,20496,0.136662908,2.499170226,0,Others
331,0.108363628,309.3298645,307.8242798,0.091252133,0.077608839,0.099902771,0.149823576,0.220219597,0.211418644,0.085164227,0.001954175,20480,0.12351122,1.04618483,1,Sugarcane
332,0.110625759,304.8789063,303.9429626,0.095783398,0.090041384,0.092398778,0.206579641,0.202060014,0.1474199,0.089884438,0.00170919,20480,0.044357816,-2.964037118,1,Sugarcane
333,0.142674536,306.3444824,304.3965454,0.13776584,0.11928843,0.149084374,0.281436652,0.325618267,0.299215078,0.250557542,0.001791937,20480,0.067452109,1.925844213,0,Others
334,0.129968211,300.7069092,299.1053467,0.110732734,0.100006551,0.080390394,0.278768808,0.224765003,0.149901509,0.091407686,0.0014835,20480,0.169244558,0.7727934,0,Others
335,0.121791169,303.4308167,301.6248779,0.104415029,0.09834981,0.094646662,0.240177631,0.25251627,0.16955027,0.099427015,0.001073438,20480,0.052287017,1.70159664,0,Others
336,0.112270281,305.4006348,304.735321,0.096342027,0.091199651,0.081364565,0.246293664,0.221709594,0.140316427,0.086042367,0.001413464,20480,0.06770096,0.876444669,1,Sugarcane
337,0.123753875,308.4959717,306.8173523,0.110385507,0.107091837,0.103769265,0.293248594,0.259843588,0.176431626,0.102209449,0.001680662,20480,0.182405941,-2.815707546,0,Others
338,0.117952466,306.4844666,305.3110962,0.099812627,0.083604753,0.080639407,0.162328199,0.217446238,0.157400697,0.082728222,0.001651068,20480,0.189944332,1.491853807,0,Others
339,0.123815909,307.5303345,305.9112854,0.10920462,0.100730345,0.107986346,0.214999765,0.287514895,0.239015475,0.103244379,0.001677587,20480,0.057391676,2.5759787,0,Others
340,0.143560678,300.2681274,298.0018311,0.125556812,0.112696789,0.107603975,0.30177331,0.26513201,0.142816707,0.109946653,0.001022107,20480,0.129121023,1.638558169,1,Sugarcane
341,0.135160729,302.9905396,301.2989807,0.119658299,0.11158143,0.119862735,0.189778149,0.185614288,0.144081205,0.115152709,0.00122766,20480,0.031893006,1.682632846,0,Others
342,0.137223497,292.9726868,292.6400452,0.114293195,0.075964831,0.055407703,0.04634184,0.031490576,0.02096964,0.067746691,0.001012546,20512,0.105176632,0.014619419,0,Others
343,0.167925671,305.9305725,302.9285278,0.14837648,0.129381016,0.125986382,0.222204432,0.277626783,0.219051763,0.122952893,0.001720135,20480,0.071293879,2.003811385,0,Others
344,0.158319607,306.0666809,302.5265198,0.141539082,0.126540124,0.131018147,0.289562196,0.34276098,0.223443478,0.125625253,0.001473998,20480,0.181140068,1.520182452,1,Sugarcane
345,0.15502128,305.6332703,302.9823914,0.134557217,0.115838304,0.13018921,0.228832722,0.320059836,0.237521157,0.116599664,0.001774062,20480,0.155396336,1.917192193,1,Sugarcane
346,0.117307365,304.3886719,303.208252,0.101232708,0.092075154,0.091836765,0.190150127,0.238207102,0.194718629,0.090587251,0.001494322,20480,0.105847542,1.729646826,1,Sugarcane
347,0.103700168,300.9075317,300.3607788,0.082962841,0.063971974,0.050760254,0.217427611,0.155536518,0.084462009,0.060362596,0.001444917,20512,0.241715921,-2.929404221,0,Others
348,0.169851705,306.6807251,303.4771118,0.150591418,0.146787509,0.15381752,0.281344742,0.350537956,0.252793103,0.149917305,0.001957654,20480,0.0890215,1.126738303,1,Sugarcane
349,0.124338195,305.4740601,304.8009338,0.111169249,0.116039589,0.121924609,0.269566059,0.292062402,0.222824782,0.117065266,0.001790199,20480,0.048777743,0.057960876,1,Sugarcane
350,0.111251056,302.4788818,301.6277161,0.092828974,0.079723552,0.069899485,0.188801587,0.18313317,0.132378548,0.077389717,0.001438746,20512,0.074062763,2.777932086,0,Others
351,0.111986883,303.9763184,302.5637817,0.096936285,0.091098532,0.091880426,0.207632452,0.206618011,0.130708978,0.088409685,0.002025519,20480,0.196547634,2.38342021,1,Sugarcane
352,0.158223301,306.6163635,302.6669312,0.139348224,0.120665736,0.117487788,0.22491397,0.222114861,0.172066793,0.118426725,0.001589154,20480,0.062189754,1.531473638,0,Others
353,0.127649784,307.0109863,305.2091064,0.109815717,0.098027483,0.095031925,0.215894848,0.216206163,0.171149164,0.097204112,0.001296577,20480,0.149445812,2.075350407,1,Sugarcane
354,0.130304098,304.0341187,302.1775513,0.110008225,0.098218426,0.094878733,0.224824399,0.228308752,0.166876003,0.099670656,0.001253996,20480,0.00342111,-2.383643978,0,Others
355,0.124597192,309.5857239,308.0773926,0.112273768,0.109212317,0.122383103,0.192939788,0.281370819,0.224433124,0.116242893,0.001602216,20480,0.111667547,2.224492315,0,Others
356,0.12292923,303.5956421,302.4080811,0.10761068,0.104526527,0.098629758,0.256526768,0.230111122,0.173285365,0.103320561,0.00170226,20480,0.115096816,-2.948048943,0,Others
357,0.10070809,300.2329712,299.7694702,0.079374596,0.059439719,0.047025375,0.247467995,0.136077255,0.061425589,0.054301187,0.001537535,20512,0.18529139,2.677510947,0,Others
358,0.129654706,303.1011963,302.4940796,0.109316163,0.092688136,0.077206872,0.208114579,0.187982842,0.134874567,0.085957155,0.001210355,20480,0.026571167,1.342365017,0,Others
359,0.125529617,300.3840942,299.291687,0.105980679,0.105913207,0.092875823,0.284259647,0.211704835,0.144342497,0.097732589,0.001319723,20480,0.142026708,2.129132941,1,Sugarcane
360,0.133246809,302.4938354,301.2062378,0.115721703,0.115713842,0.114517331,0.263501883,0.249054283,0.180326074,0.096238539,0.001286008,20480,0.076876857,2.42909224,1,Sugarcane
361,0.141168371,293.5811157,292.8678894,0.124473065,0.097251937,0.068594404,0.054371603,0.026290296,0.015841587,0.08408878,0.001068984,20512,0.103154381,0.71568075,0,Others
362,0.114579499,304.2437744,303.5582581,0.096619144,0.084840998,0.08100681,0.205999792,0.175249532,0.117842227,0.064001724,0.0014722,20480,0.129536031,1.246839347,0,Others
363,0.133439094,299.9075012,297.9934387,0.114696272,0.109075658,0.089840189,0.265936494,0.212205678,0.118771493,0.100678332,0.001246474,20480,0.126134258,1.306590089,0,Others
364,0.117682353,303.602356,302.6691895,0.104776099,0.099068537,0.113601476,0.202663422,0.242346853,0.167243361,0.105220243,0.001638193,20480,0.163345895,1.951902328,1,Sugarcane
365,0.111557439,303.0879517,302.3881836,0.095876053,0.09325704,0.085226201,0.249088526,0.210869819,0.136322737,0.089107677,0.001582309,20480,0.132828895,-2.887497933,0,Others
366,0.115131006,307.3035889,306.2005615,0.100499645,0.09925282,0.107389629,0.23273471,0.245322362,0.187351882,0.098630138,0.001601892,20480,0.02252619,-1.327757243,1,Sugarcane
367,0.117117316,306.2324219,305.4346924,0.10233476,0.098087505,0.106191188,0.193595201,0.235872954,0.195797428,0.098280177,0.001470775,20480,0.135849024,0.992570189,1,Sugarcane
368,0.131108761,302.0271301,300.5927429,0.114250831,0.10423281,0.101968095,0.223893642,0.194862738,0.125561446,0.101381116,0.001383059,20480,0.066569115,2.229459808,0,Others
369,0.122568846,307.3575439,305.7329102,0.10615173,0.097393714,0.105003998,0.219212919,0.212368324,0.181753784,0.099143088,0.001296803,20480,0.062840046,1.971730776,0,Others
370,0.136282995,293.3679199,292.9171753,0.112981796,0.079897292,0.058045041,0.048131466,0.023642005,0.014878572,0.071726248,7.96E-04,20512,0.109397565,0.629038461,0,Others
371,0.126134157,301.8256836,300.2504272,0.111545846,0.111806273,0.118199795,0.32845825,0.229208753,0.158828855,0.110670283,0.001374576,20496,0.104126072,2.578373556,1,Sugarcane
372,0.11015211,306.1399536,305.454895,0.096168943,0.090701781,0.087193213,0.205796957,0.199779004,0.134802103,0.087477922,0.00156559,20480,0.208130458,1.252625491,0,Others
373,0.116295293,310.3388062,308.5843506,0.0998362,0.08979103,0.086499348,0.174492106,0.212035656,0.181220695,0.077498466,0.002030545,20480,0.121320195,2.56479945,1,Sugarcane
374,0.109721497,306.6332397,305.351532,0.09276136,0.087736271,0.07620991,0.266701639,0.226529181,0.1409657,0.079924271,0.001727226,20480,0.113653972,-1.624753141,0,Others
375,0.110232979,303.5703125,302.3398438,0.093871772,0.084595181,0.079326436,0.201806039,0.204448,0.140045151,0.085637063,0.001766751,20480,0.158063445,-3.108364867,0,Others
376,0.128714204,300.4503784,298.8753662,0.107799269,0.09328869,0.07255289,0.272521198,0.19504188,0.106822394,0.086414076,0.001478384,20512,0.039969892,0.661544341,0,Others
377,0.143783242,293.1019897,292.8050842,0.12556985,0.093167394,0.07169579,0.061669886,0.048761301,0.040309906,0.084133476,9.30E-04,20512,0.131765001,0.204922885,0,Others
378,0.129329145,300.9628906,298.9280396,0.106399558,0.09301836,0.074549176,0.256439298,0.182517722,0.08963865,0.086854495,0.001295118,20480,0.182364561,1.399097,0,Others
379,0.154973134,303.8897095,302.1044312,0.134147942,0.115730286,0.100057222,0.282441258,0.25075534,0.15220584,0.107640959,0.00152006,20480,0.101531036,2.005978504,0,Others
380,0.117593564,309.4815979,308.4517822,0.101162069,0.091080382,0.097347856,0.159844637,0.197175682,0.15691328,0.089335129,0.001534657,20480,0.123143999,1.522855574,0,Others
381,0.11240682,305.7522888,304.842041,0.095252462,0.088336378,0.081995606,0.260381401,0.239709347,0.188651606,0.08526127,0.001771048,20480,0.098037845,-2.065759063,1,Sugarcane
382,0.124414772,300.6346436,296.5907593,0.105336048,0.088071145,0.073560573,0.211905628,0.207364157,0.122046694,0.079808183,0.001433139,20512,0.024217229,1.884319763,0,Others
383,0.126236007,298.3494873,297.568573,0.102454685,0.085291669,0.076807991,0.288558662,0.175291449,0.094072439,0.070806026,0.00144591,20512,0.088535497,1.54875552,1,Sugarcane
384,0.120020717,306.7880859,305.1009827,0.106457919,0.099994957,0.107439421,0.190624475,0.248868093,0.186963171,0.092435397,0.001504403,20480,0.119890271,2.542943962,1,Sugarcane
385,0.153167471,305.476532,301.7652588,0.132125601,0.109542914,0.104101881,0.23261711,0.265422672,0.191100731,0.109422535,0.001634675,20480,0.03472115,2.495513334,0,Others
386,0.112058684,300.9449463,300.1297607,0.093870699,0.089969099,0.075936109,0.265795141,0.166581199,0.086624578,0.083968289,0.001362802,20480,0.122056254,-2.609404551,1,Sugarcane
387,0.113767624,300.2139282,299.3935242,0.094283849,0.086278304,0.077680901,0.21931228,0.158461303,0.090602279,0.079323635,0.001288058,20512,0.078443341,2.569842959,1,Sugarcane
388,0.135140955,301.0581665,299.3321533,0.11673402,0.109971374,0.096916333,0.27088654,0.236379117,0.137156323,0.106186979,0.001367253,20480,0.049607378,1.859844861,0,Others
389,0.111121669,301.0949097,299.8487549,0.089525536,0.084268987,0.062865578,0.28539592,0.174462914,0.094796561,0.072940737,0.001490061,20512,0.054607382,-0.678048173,0,Others
390,0.13574557,303.8957825,301.0954285,0.118682198,0.110307269,0.120090671,0.250889689,0.251539081,0.168864623,0.111970909,0.001143113,20480,0.113185518,1.966444176,1,Sugarcane
391,0.115179613,307.7581177,306.1702576,0.097597584,0.089664623,0.091425091,0.196413219,0.255205214,0.229578465,0.085910961,0.001447554,20480,0.106555067,2.217727931,1,Sugarcane
392,0.111892641,306.5498047,305.7505493,0.098554321,0.093093731,0.10350658,0.204174802,0.234490678,0.166410312,0.094108522,0.001829336,20480,0.097605237,0.671861047,1,Sugarcane
393,0.148328334,305.6377563,301.8684387,0.127045706,0.103548147,0.095242143,0.209576055,0.203099787,0.110227719,0.09817934,0.001468593,20480,0.055447852,2.385308324,0,Others
394,0.157693654,307.5874329,303.7559509,0.137662947,0.12093056,0.120665736,0.25474146,0.258954644,0.195804954,0.115166523,0.001358841,20480,0.04668861,0.927412047,0,Others
395,0.15540649,302.549469,299.7599182,0.135857284,0.11664515,0.107231677,0.2838296,0.239357367,0.151107073,0.116428472,0.001661195,20480,0.114868507,1.767142621,0,Others
396,0.117271423,306.0216064,304.3253174,0.097926497,0.089206651,0.077796131,0.240393519,0.205226541,0.147483826,0.083548009,0.001181248,20480,0.039875492,0.917673224,0,Others
397,0.11695274,305.7005615,305.1553345,0.102260366,0.094639212,0.094048306,0.243196368,0.246940076,0.179326475,0.095741689,0.001880449,20480,0.091475711,1.378207512,0,Others
398,0.118661493,303.3766174,301.5446777,0.098349333,0.08858832,0.079252869,0.256183863,0.211161405,0.129731208,0.088651225,0.00145564,20480,0.061357811,2.980864707,0,Others
399,0.160341933,304.9668274,302.4589539,0.141900212,0.122423232,0.118836008,0.23331438,0.279597491,0.183743194,0.118137822,0.001720135,20480,0.131266013,1.79386818,1,Sugarcane
