T01,T02,T03,T04,T05,T06,T07,T08,T09,T10,T11,T12,T13,T14,T15,T16,T17,T18,T19,T20,T21,T22,T23,class,code1,idx,l1,l2,l3,l4,label,latitude,longitude,use
7459,7758,6823,7372,7561,7063,7446,6444,2501,2091,2000,1859,2093,1846,1757,1791,2063,1753,1945,2267,3032,3894,3784,1,1,1,cropland,irrigated,Barley/Wheat,Barley,Irrigated-SC-barley-LS,36.68998198,10.22700276,0
4952,5502,7659,7524,7787,7796,7225,5585,3373,2355,2228,1837,2202,1768,1782,1812,1808,1800,2215,2884,2297,2727,3410,1,1,2,cropland,Rainfed,Barley/Wheat,Wheat,Rainfed-SC-wheat-MS,36.92168439,10.10365347,0
4879,5551,6311,6764,5969,6321,5329,3995,2745,2267,1819,1836,2375,1916,2060,1971,1716,1565,1795,1734,2042,2394,3383,1,1,3,cropland,Rainfed,Barley/Wheat,Wheat,Rainfed-SC-wheat/forage-VLS,36.94450166,10.08736787,0
6637,7580,8376,8368,8008,8083,7400,6298,3117,2977,2954,2493,2450,2383,2480,2415,2244,2152,2595,3033,3587,5027,6122,1,1,7,cropland,Rainfed,Barley/Wheat,Wheat,Rainfed-SC-wheat-VLS,37.18645384,9.957090412,0
6416,7342,7788,8613,7998,7171,7571,6108,3866,3039,2660,2454,2567,2557,2278,2426,2175,2523,3093,2488,3368,3110,4031,1,1,8,cropland,Rainfed,Barley/Wheat,Wheat,Rainfed-SC-Wheat/grass-LS,37.13111111,9.816388889,0
5182,7082,7436,8453,8158,8254,8066,7996,6425,3694,3064,3047,2345,2108,2085,2266,2270,1704,1951,2197,2319,2240,2534,1,1,16,cropland,Rainfed,Barley/Wheat,Wheat,Rainfed-SC-wheat-LS,36.87186145,9.405163755,0
5426,4290,7621,8258,7442,7601,7716,7893,7289,4956,3109,3170,2474,1997,2004,1893,1845,1676,2072,2110,2126,3971,3256,1,1,17,cropland,Rainfed,Barley/Wheat,Wheat,Rainfed-SC-wheat-LS,36.81917943,9.363597998,0
6121,3750,7414,7530,7377,8216,8354,7982,7443,5002,3531,2853,2676,2385,2333,2305,1996,1993,1976,2220,2245,2405,2387,1,1,18,cropland,Rainfed,Barley/Wheat,Wheat,Rainfed-SC-wheat-LS,36.82815346,9.313483154,0
4835,3257,6987,7999,7446,8724,8554,7764,7071,3602,3247,2957,2844,2262,2047,1991,1985,1895,1968,1969,2170,1993,2173,1,1,20,cropland,Rainfed,Barley/Wheat,Wheat,Rainfed-SC-wheat-LS,36.84777778,9.250555556,0
4305,7422,6383,6131,7000,6175,6532,6513,5663,4457,4497,3594,3497,2235,2278,2054,2125,2107,2197,2193,2681,2682,3495,1,1,22,cropland,Rainfed,Barley/Wheat,Wheat,Rainfed-SC-wheat-LS,36.71192407,9.176459746,0
5195,6098,6419,6835,7338,7363,7109,6009,4236,2589,2257,2202,1973,1920,2035,1872,1787,1824,2048,2989,2777,3234,3152,1,1,23,cropland,Rainfed,Barley/Wheat,Wheat,Rainfed-SC-wheat/barley/fodder-LS,36.63788128,9.124694194,0
4811,4530,6892,7324,7318,6570,6342,6491,4822,3788,3756,3167,2860,3113,3535,3737,3694,4235,3926,4495,4926,5294,4617,1,1,25,cropland,Rainfed,Barley/Wheat,Wheat,Rainfed-SC-wheat-VLS,36.63194444,8.916666667,0
5415,5709,5908,6891,5981,7024,7362,7033,6892,3968,3537,3265,2714,2591,2646,2757,2558,2929,3458,3563,2884,4590,4097,1,1,28,cropland,Rainfed,Barley/Wheat,Wheat,Rainfed-SC-wheat-LS,36.67916198,8.706139491,0
4328,4960,6173,7447,7099,7141,7234,6601,5670,3231,2712,2284,2366,2392,2247,2315,2330,2247,2304,2285,2477,2772,3092,1,1,29,cropland,Rainfed,Barley/Wheat,Wheat,Rainfed-SC-wheat/fababean-LS,36.59833333,8.6875,0
5518,5180,7097,8077,7663,7376,7551,7495,5332,4228,3047,3284,3075,2547,2336,2074,1886,1765,1921,2450,2748,2563,4645,1,1,31,cropland,Rainfed,Barley/Wheat,Wheat,Rainfed-SC-wheat-VLS,36.54583333,8.661111111,0
5342,5279,6681,6088,5686,5961,6056,5162,3654,2876,2657,2546,2718,2516,2456,2422,2436,2394,2665,3617,3192,3979,5028,1,1,33,cropland,Rainfed,Barley/Wheat,Wheat,Rainfed-SC-wheat/oats-VLS,36.5062726,8.580003084,0
4131,4119,6971,7785,7728,8068,7974,7023,4326,2233,2060,1934,1805,1753,1752,1688,1761,1780,1595,2058,1870,2379,3141,1,1,34,cropland,Rainfed,Barley/Wheat,Wheat,Rainfed-SC-wheat/fababean-LS,36.45562346,8.621343514,0
5394,4636,7555,8113,7853,7730,7684,6746,4788,2454,2586,2117,2113,2126,2111,1959,2234,1981,2353,2481,2513,2459,3438,1,1,35,cropland,Rainfed,Barley/Wheat,Wheat,Rainfed-SC-wheat/fababean-LS,36.45453334,8.680888797,0
4152,3834,6543,6996,7672,7730,8007,6620,4556,2595,2282,1858,1694,1615,1640,1873,1731,1391,1605,2104,1860,3199,3821,1,1,36,cropland,Rainfed,Barley/Wheat,Wheat,Rainfed-SC-wheat-VLS,36.51044777,8.808078163,0
7360,6957,7634,8730,8499,8299,8240,7356,4366,2999,2979,2694,2410,2033,2108,1980,2388,2325,2082,3622,3251,4700,5283,1,1,37,cropland,irrigated,Barley/Wheat,Wheat,Irrigated-SC-wheat-VLS,36.58087065,8.929778577,0
4863,6564,7942,8589,8713,8503,8514,8212,6454,4005,3812,3353,2694,2946,3210,2776,2556,2553,4291,6870,7519,6242,7158,1,1,38,cropland,irrigated,Barley/Wheat,Wheat,Irrigated-SC-wheat-VLS,36.62497569,8.998080945,0
5064,5901,7387,7659,7347,7266,7288,6572,5634,2863,2685,2606,2382,2182,2177,2380,1943,2049,2724,2974,3652,4633,5944,1,1,39,cropland,Rainfed,Barley/Wheat,Wheat,Rainfed-SC-wheat/fababean-LS,36.73527778,9.215,0
6210,8850,8052,8530,8444,8372,7804,7102,5140,2586,2373,2316,2257,2116,2148,2015,1880,1791,1912,2558,3702,5864,7487,1,1,40,cropland,irrigated,Barley/Wheat,Wheat,Irrigated-SC-wheat-VLS,36.70777778,9.295277778,0
5900,5828,8012,8348,8309,8196,8041,5419,3441,2724,2366,2355,2259,2133,2204,2302,2170,2079,1972,2204,2265,2152,2643,1,1,43,cropland,Rainfed,Barley/Wheat,Barley,Rainfed-SC-barley-LS,36.62385013,9.657314878,0
3517,3607,4437,5447,7205,7473,7657,5296,3083,1638,1522,1550,1553,1552,1451,1493,1504,1464,2058,1631,1849,1992,3011,1,1,45,cropland,Rainfed,Barley/Wheat,Barley,Rainfed-SC-barley-LS,36.71283929,9.978628728,0
6066,5976,6549,7291,6710,6274,6001,4930,3404,2487,2162,1984,1884,1729,2016,1745,1816,1981,2246,3141,3297,3653,4581,1,1,46,cropland,Rainfed,Barley/Wheat,Barley,Rainfed-SC-barley-VLS,36.76791578,10.02538416,0
3622,3182,6463,6420,7532,7803,7540,5625,3518,2328,2026,1775,2010,1937,1896,1998,1834,1837,2000,2269,2216,2299,3888,1,1,49,cropland,Rainfed,Barley/Wheat,Wheat,Rainfed-SC-wheat-VLS,36.6550392,9.77163645,0
6534,7177,7447,8380,7652,7302,7064,5983,4666,2944,2665,2595,2419,2226,2456,2362,2237,2040,2240,2885,3925,4195,5726,1,1,53,cropland,Rainfed,Barley/Wheat,Wheat,Rainfed-SC-wheat-VLS,36.51972883,9.353589304,0
7085,6712,7342,8719,8329,8416,7716,7532,5684,3348,2368,2488,2037,2076,2032,2048,2171,1955,1807,2078,2154,2103,3881,1,1,55,cropland,Rainfed,Barley/Wheat,Wheat,Rainfed-SC-wheat-VLS,36.46498691,9.277403504,0
4206,4001,6211,6780,7227,6777,6967,5955,4549,2695,2683,2184,2378,2154,2304,2579,2191,1788,2014,1865,2144,2131,4244,1,1,56,cropland,Rainfed,Barley/Wheat,Wheat,Rainfed-SC-wheat-VLS,36.44217896,9.251039341,0
5499,4224,8115,7421,7723,7995,8315,7626,6079,3153,2691,2343,2250,2006,2059,2402,2138,1614,1599,1673,1916,1909,3008,1,1,57,cropland,Rainfed,Barley/Wheat,Barley,Rainfed-SC-barley-LS,36.42416667,9.235555556,0
5018,3833,8376,8500,8273,8420,8079,8004,5508,2256,2312,2197,1916,1834,1828,1998,1806,1531,2202,2251,2806,2792,4504,1,1,60,cropland,Rainfed,Barley/Wheat,Wheat,Rainfed-SC-wheat/barley/fodder-LS,36.27687892,8.96119722,0
5506,5017,8061,8022,8329,7906,8271,7815,5874,2095,2198,1906,1794,1475,1527,1692,1359,1243,1343,1747,3049,2465,3406,1,1,62,cropland,Rainfed,Barley/Wheat,Wheat,Rainfed-SC-wheat/oats-VLS,36.17769487,8.810354442,1
4302,4615,6893,6985,7579,7675,7438,6467,3959,2175,2130,1951,1832,1976,2010,2039,2005,1860,1920,2331,2321,2368,2991,1,1,63,cropland,Rainfed,Barley/Wheat,Wheat,Rainfed-SC-wheat-VLS,36.12121913,8.664743576,0
4396,4584,6048,6907,7231,6811,6272,4776,2522,1866,1547,1390,1281,1294,1347,1365,1382,1222,1331,1509,1497,1583,2344,1,1,66,cropland,Rainfed,Barley/Wheat,Barley,Rainfed-SC-barley-LS,35.84513227,8.554146737,0
2355,2721,4443,4651,6763,6742,6253,5621,3142,1801,1503,1266,1311,1212,1197,1360,1426,1183,1141,1214,1369,3963,2546,1,1,67,cropland,Rainfed,Barley/Wheat,Wheat,Rainfed-SC-wheat-VLS,35.85218605,8.661117118,0
3476,4755,5493,5762,6801,6719,6156,5183,3026,1852,1619,1520,1557,1452,1680,1690,1507,1665,1702,1888,1796,3076,4229,1,1,68,cropland,Rainfed,Barley/Wheat,Barley,Rainfed-SC-barley-LS,35.91506115,8.792860352,0
5387,4997,6664,6927,7922,7807,7697,6609,3572,1715,1930,1650,1597,1602,1929,1573,1448,1456,1515,1426,1893,2100,2855,1,1,69,cropland,Rainfed,Barley/Wheat,Barley,Rainfed-SC-barley-LS,35.95663567,8.876084742,0
4132,3936,5439,5041,5743,5634,4776,4330,2929,1935,1890,1584,1436,1481,1565,1557,1401,1614,1571,1588,2013,4252,4354,1,1,70,cropland,Rainfed,Barley/Wheat,Barley,Rainfed-SC-barley-LS,36.02904015,8.913881387,0
7224,6639,7899,8210,7761,7897,7622,5418,3016,2315,2349,2259,1864,1863,2021,1968,1948,1858,2049,2125,2515,2084,2677,1,1,71,cropland,Rainfed,Barley/Wheat,Wheat,Rainfed-SC-wheat-VLS,36.067592,8.943939095,0
5430,4769,6728,6656,7278,7206,5593,4714,2957,1854,1937,1995,2573,2566,2041,2146,1806,1574,1862,2196,3509,2314,4624,1,1,72,cropland,Rainfed,Barley/Wheat,Barley,Rainfed-SC-barley-LS,36.05489954,9.043092901,0
4391,4940,6856,6841,7497,7704,7652,7338,5158,2048,1904,1881,1702,1650,1614,1725,1533,1459,1517,2173,2074,3132,3796,1,1,73,cropland,Rainfed,Barley/Wheat,Barley,Rainfed-SC-barley-MS,36.00595586,9.16013665,0
3715,3678,6056,6172,6595,7048,6531,6205,4071,2462,2353,2246,2454,2024,1642,2020,1926,1493,2426,2604,3761,3583,3505,1,1,74,cropland,Rainfed,Barley/Wheat,Wheat,Rainfed-SC-wheat-MS,36.03773467,9.295468727,0
3533,3432,2787,2439,2759,1909,1672,2569,1774,1731,1869,1818,1935,1778,1377,1561,1413,1420,1464,1320,1690,1875,2839,1,1,75,cropland,Rainfed,Barley/Wheat,Wheat,Rainfed-SC-wheat-VLS,36.08309067,9.380987449,0
3975,3439,5843,6486,7628,7488,7047,7223,6085,3858,3167,2595,2199,2018,2000,2233,2287,2051,2345,2778,2596,4137,3340,1,1,78,cropland,Rainfed,Barley/Wheat,Wheat,Rainfed-SC-wheat-VLS,36.08509498,9.518071415,0
4335,4838,4705,5115,5342,6102,6037,5459,4427,2766,2539,2160,2056,1992,2131,2082,2381,1915,2464,3410,2397,2808,3663,1,1,81,cropland,Rainfed,Barley/Wheat,Barley,Rainfed-SC-barley-LS,36.20508333,9.575805556,0
5723,4491,6499,7002,7044,7592,7280,6585,3228,1729,2070,1867,1615,1545,1593,1543,1908,1364,2047,3367,2687,3714,4233,1,1,82,cropland,Rainfed,Barley/Wheat,Wheat,Rainfed-SC-wheat-VLS,36.22471053,9.603564028,0
3689,4746,5943,6327,8015,7870,7181,6483,4434,2374,2233,1996,1852,1968,1875,1926,2002,1642,2301,2883,3060,3744,3764,1,1,84,cropland,Rainfed,Barley/Wheat,Wheat,Rainfed-SC-wheat-VLS,36.32688706,9.617419297,0
3282,3126,6934,7373,8438,8209,8193,7518,5058,2141,2052,1726,1790,1495,1578,1537,1329,1777,1372,1497,1244,1539,2208,1,1,85,cropland,Rainfed,Barley/Wheat,Wheat,Rainfed-SC-wheat-VLS,36.35925979,9.642127564,0
6911,6671,8284,8544,8044,8393,7029,5053,3246,2163,1862,1855,1789,1729,1579,1600,1604,1717,1899,2152,3187,3120,3876,1,1,86,cropland,Rainfed,Barley/Wheat,Wheat,Rainfed-SC-wheat-VLS,36.4395188,9.660269482,0
3371,3049,6800,7294,8149,8522,8452,6669,4193,2399,2355,2340,1738,2133,1642,1670,1614,1461,1528,1736,1760,1834,2830,1,1,87,cropland,Rainfed,Barley/Wheat,Wheat,Rainfed-SC-wheat-VLS,36.50412143,9.662220746,0
7161,7355,8374,8070,8074,8412,8211,6549,3483,2069,2092,2017,2104,1978,2100,2485,1959,1789,2659,2197,2255,2234,3242,1,1,88,cropland,Rainfed,Barley/Wheat,Wheat,Rainfed-SC-wheat-VLS,36.56970474,9.662919118,0
5058,4835,6204,7781,7223,6730,6874,4972,3590,3262,2940,2533,2448,2533,1994,2387,2826,2105,2420,2685,3156,3497,3982,1,1,92,cropland,Rainfed,Barley/Wheat,Wheat,Rainfed-SC-wheat-MS,36.6157036,10.41175287,0
6419,6044,7142,6917,7129,7080,5261,5717,3643,4025,4146,3472,4144,3461,3820,3912,3978,4503,4356,4776,4921,6552,5887,1,1,94,cropland,Rainfed,Barley/Wheat,Wheat,Rainfed-SC-wheat-MS,36.58250743,10.51270994,0
3285,2380,4135,4313,4846,4680,5062,3357,2380,1512,1533,1381,1406,1272,1239,1241,1252,1300,1887,1824,2420,2586,1678,1,1,101,cropland,Rainfed,Barley/Wheat,Wheat,Rainfed-SC-wheat-MS,36.09284117,10.35855495,0
5039,3457,7717,7674,8356,8518,7861,5677,3239,2886,2413,2720,2125,1904,1890,1986,1967,1854,2181,2213,2225,2187,2039,1,1,104,cropland,irrigated,Barley/Wheat,Wheat,Irrigated-SC-wheat-LS,35.92753425,10.28807057,0
5069,5047,7512,7405,5692,7181,6697,5562,3182,2575,2486,2640,2581,2257,2220,2402,1691,1798,1967,1344,2496,3961,4472,1,1,109,cropland,irrigated,Barley/Wheat,Wheat,Irrigated-SW-wheat-LS,35.68620748,10.05916673,0
3712,2914,5224,5859,5003,5870,5851,3885,2258,2341,2375,2061,2288,2235,2490,1970,1786,2567,2697,2230,2471,2399,2977,1,1,110,cropland,irrigated,Barley/Wheat,Barley,Irrigated-SW-barley/wheat-LS,35.70205201,10.03016421,0
3219,4648,6105,6182,5873,6049,6412,5508,2990,2336,2527,2384,2441,1799,2094,2008,1821,2263,2549,2232,3307,3473,3411,1,1,111,cropland,irrigated,Barley/Wheat,Barley,Irrigated-SW-barley/wheat-LS,35.75311871,9.989691893,0
2985,4050,5821,5426,6269,6612,6496,5165,3228,2990,2355,1823,1791,1935,1834,2297,2424,1756,3153,2541,1914,2380,1648,1,1,115,cropland,irrigated,Barley/Wheat,Wheat,Irrigated-SW-wheat-LS,36.03611111,10.06861111,0
3573,3607,6166,6071,6863,7238,7201,6939,5005,2455,2369,2209,1984,1832,1786,1799,1817,1634,2390,2400,3258,3038,4059,1,1,119,cropland,Rainfed,Barley/Wheat,Wheat,Rainfed-SC-wheat-MS,36.21705447,10.02180472,0
3483,3461,6591,8202,8057,8533,8615,8113,6104,2334,2317,2218,1907,1813,1822,1823,1743,1508,1687,1754,2626,2383,3165,1,1,120,cropland,Rainfed,Barley/Wheat,Wheat,Rainfed-SC-wheat-VLS,36.2653831,10.03966606,0
3595,4041,7361,7930,8357,8412,8447,8045,5862,2997,2605,2365,1894,1891,1851,1849,1803,1754,1873,2149,2238,2445,3288,1,1,121,cropland,Rainfed,Barley/Wheat,Wheat,Rainfed-SC-wheat-VLS,36.25815733,10.06801152,0
3692,3576,3641,3707,5301,5756,6535,5988,4722,2663,2401,2324,2233,2043,2022,2082,2098,1993,2217,3007,4716,3876,4124,1,1,128,cropland,Rainfed,Barley/Wheat,Wheat,Rainfed-SC-wheat-VLS,36.69284517,10.43744892,0
3415,6052,5211,4322,5327,6147,4360,3548,2750,2101,1749,1660,1817,1556,1553,1678,1561,1475,1658,1739,2768,3020,3790,1,1,130,cropland,Rainfed,Barley/Wheat,Wheat,Rainfed-SC-wheat/oats-LS,36.68906841,10.49562284,0
6953,6785,7148,7427,6306,6546,6716,5413,3932,3109,3138,2937,2664,2438,2406,2408,2323,2833,4409,4696,5457,5833,6795,1,1,132,cropland,Rainfed,Barley/Wheat,Wheat,Rainfed-SC-wheat-LS,36.74333333,10.54611111,0
6063,5557,7910,8301,7260,7800,8243,7959,5696,3488,3667,3785,2970,3293,3312,2894,2742,2773,4225,4220,4457,3756,4193,1,1,134,cropland,Rainfed,Barley/Wheat,Wheat,Rainfed-SC-wheat/barley-LS,36.76477469,10.60376118,0
5444,5804,7494,7425,6522,7550,6735,6498,4834,3891,2693,3062,3117,2928,3097,3130,2901,2733,3730,2958,3617,3419,4840,1,1,141,cropland,Rainfed,Barley/Wheat,Wheat,Rainfed-SC-wheat/fodder-LS,36.89673606,10.84380656,0
6431,6265,6483,6818,6569,6865,6791,6076,5914,5003,4688,4869,4889,4302,4481,4633,3934,4162,5412,6221,5824,5941,6326,1,1,143,cropland,Rainfed,Barley/Wheat,Wheat,Rainfed-SC-wheat/fodder-MS,36.94270065,10.8989394,0
4206,3831,6892,6959,7697,8125,7415,7276,5215,3609,2694,2909,2872,2521,2387,2689,2318,2306,2538,3812,5922,5047,5098,1,1,145,cropland,Rainfed,Barley/Wheat,Barley,Rainfed-SC-barley-LS,37.02567954,10.96546788,0
4033,4254,5832,6093,5080,6697,5922,5174,4703,4349,3373,3150,3442,3598,3339,3084,2929,2968,3134,3596,4565,3496,3975,1,1,146,cropland,irrigated,Barley/Wheat,Barley,Irrigated-GW-DC-barley-vegetables-LS,37.019298,11.00206916,0
7180,6926,7870,7965,7942,6787,6566,5418,3309,3000,2697,2426,2505,2332,2465,2152,2784,2786,3157,2703,4626,3892,5345,1,1,150,cropland,Rainfed,Barley/Wheat,Wheat,Rainfed-SC-wheat-LS,36.7888223,11.00735642,0
6194,5487,7678,7553,7973,7428,7303,4463,3417,2452,2050,1958,1838,1830,1807,1810,1800,1708,1725,1863,1988,2384,3455,1,1,151,cropland,Rainfed,Barley/Wheat,Barley,Rainfed-barley-SC-LS,36.6468146,10.12948567,0
3959,3450,5161,6308,6957,7664,7382,4617,2949,2130,1816,1513,1493,1429,1449,1457,1641,1656,1462,1597,2361,2619,3752,1,1,153,cropland,Rainfed,Barley/Wheat,Wheat,Rainfed-wheat-SC-LS,36.6107729,10.12475035,0
3613,4062,7815,8446,8563,8506,8575,8152,5817,2250,2181,2026,1813,1828,1891,1882,1875,1765,1938,1942,2295,2131,3113,1,1,156,cropland,irrigated,Barley/Wheat,Wheat,Irrigated-wheat (tendre)-SC-LS,36.51499149,9.967595638,0
3216,3061,5649,6249,7784,7944,7564,7099,4348,2370,2314,1888,1753,1682,1717,1644,1787,1590,1763,1815,3001,2847,4416,1,1,158,cropland,Rainfed,Barley/Wheat,Wheat,Rainfed-wheat-SC-LS,36.41498248,9.923051501,0
4415,4181,7652,7777,8365,8873,8404,7851,6192,2592,2440,2214,2043,1762,1766,1956,1755,1559,1923,2722,3046,4344,4212,1,1,163,cropland,Rainfed,Barley/Wheat,Wheat,Rainfed-wheat-SC-LS,36.2051262,9.728279503,0
4270,6100,6674,7114,7512,8224,7767,7491,5397,2431,2275,2131,1944,1889,1837,1911,1943,1749,1685,2917,2190,2353,3414,1,1,164,cropland,Rainfed,Barley/Wheat,Wheat,Rainfed-wheat (tendre)-SC-MS,36.18188762,9.663514577,0
4907,3967,6279,5462,6476,4741,4987,5016,3094,2618,3439,3907,3384,4391,4143,3683,2632,1862,2019,2991,2006,2055,2307,1,1,165,cropland,Rainfed,Barley/Wheat,Barley,Rainfed-barley-SC-LS,36.14547715,9.628045294,0
5224,4679,6820,7629,5848,7726,6276,5780,4310,2308,2132,1675,1781,1672,1548,1544,1905,1372,1478,1593,1749,2158,2475,1,1,166,cropland,Rainfed,Barley/Wheat,Barley,Rainfed-barley-SC-LS,36.08944303,9.544381705,0
3533,3432,2787,2439,2759,1909,1672,2569,1774,1731,1869,1818,1935,1778,1377,1561,1413,1420,1464,1320,1690,1875,2839,1,1,167,cropland,Rainfed,Barley/Wheat,Wheat,Rainfed-wheat-SC-LS,36.08169247,9.381955101,0
4206,3524,4845,5508,6055,6402,5597,5891,4157,2643,2508,2081,1943,1864,1616,1718,1720,1706,2055,2531,2535,2806,3471,1,1,169,cropland,Rainfed,Barley/Wheat,Wheat,Rainfed-wheat-SC-LS,36.004015,9.276187033,0
3794,4628,4366,5075,5351,5975,5234,5427,3761,2196,2087,1917,1737,1557,1559,1590,1576,1584,1679,1761,2164,3190,2985,1,1,172,cropland,Rainfed,Barley/Wheat,Wheat,Rainfed-wheat-SC-MS,35.85608244,9.14994386,0
4043,3445,4964,5892,6288,6723,6143,4487,3486,1744,1831,1538,1559,1598,1488,1543,1399,1379,1622,1577,2380,2894,3325,1,1,173,cropland,Rainfed,Barley/Wheat,Wheat,Rainfed-wheat-SC-MS,35.78806913,9.039664105,0
2125,3132,3901,4112,4609,6216,4336,3306,2084,1719,1577,1396,1376,1399,1413,1441,1446,1461,1634,2055,1721,1630,1711,1,1,223,cropland,Rainfed,Barley/Wheat,Wheat,Rainfed-Wheat-SC-MS,35.69037054,10.35796435,0
1481,1701,2385,1993,3638,4725,4791,4694,2837,2120,1954,1864,1850,1532,1551,1589,1516,1453,1747,2242,3245,3018,2523,1,1,224,cropland,Rainfed,Barley/Wheat,Wheat,Rainfed-Wheat-SC-SS,35.68241455,10.29656461,0
3115,3430,4754,5756,5936,6409,5705,5030,2808,2282,2148,1980,1734,1573,1513,1504,1632,1802,2301,2230,2644,2079,4100,1,1,226,cropland,irrigated,Barley/Wheat,Wheat,Irrigated-Wheat-SC-LS,35.63798303,10.07578293,0
4763,2930,7405,7692,7148,6788,6655,4600,2975,3542,3824,2917,2714,2821,2289,2750,2166,2810,2003,2444,3188,3315,3862,1,1,227,cropland,irrigated,Barley/Wheat,Wheat,Irrigated-Wheat-SC-LS,35.57594435,10.04217324,0
5303,2982,6155,7169,7026,7323,5867,5092,3269,2299,2463,2562,3012,2466,2389,2632,3270,2836,3047,2811,3188,3437,2966,1,1,228,cropland,irrigated,Barley/Wheat,Wheat,Irrigated-Wheat/orchards (Olive)-DC-MS,35.57106287,10.03747906,0
4389,3325,7144,7585,6760,7413,7497,6507,4068,2947,2521,2720,2391,2693,2338,2093,1851,1836,3226,2669,3080,3543,3858,1,1,229,cropland,irrigated,Barley/Wheat,Barley,Irrigated-Barley/orchards (Olive)-DC-SS,35.5605039,10.03890771,0
4648,4810,5042,5200,5563,5058,6137,4723,3181,2609,2374,2428,2709,1991,2070,1996,1747,2457,2039,2224,2392,2686,2708,1,1,240,cropland,irrigated,Barley/Wheat,Wheat,Irrigated-Wheat-SC-SS,35.06479284,9.447803728,0
3562,4541,4313,4054,4465,4882,6252,4432,2757,2043,1669,1482,1478,1404,1445,1500,1517,1354,1731,2140,1694,1983,2338,1,1,256,cropland,Rainfed,Barley/Wheat,Wheat,Rainfed -Wheat -SC-SS,35.7020906,9.257675389,0
2628,2004,2906,3041,4318,3373,2992,3292,2372,1844,1855,1825,1841,2027,1831,1903,2231,1768,1761,2193,2327,2240,2408,1,1,257,cropland,Rainfed,Barley/Wheat,Wheat,Rainfed Wheat- LS,35.76339346,9.240837357,0
3246,2534,3297,3376,4930,5844,5943,5516,3817,1768,1719,1591,1660,1590,1459,1538,1440,1816,1574,1899,1689,3008,2791,1,1,258,cropland,Rainfed,Barley/Wheat,Barley,Rainfed - Barley -SC-SS,35.79691864,9.212302977,0
3255,4819,3845,3271,4176,5270,4822,3792,2889,2215,2048,2113,1870,1931,1875,1778,1799,1933,2387,2653,2248,3310,3959,1,1,260,cropland,Rainfed,Barley/Wheat,Barley,Rainfed - Barley -SC-SS,35.78617229,9.496592661,0
2577,5098,4082,4125,4557,4906,5409,4176,2558,1871,1692,1629,1865,1612,1622,1577,1842,1861,1930,2148,2800,3627,2063,1,1,261,cropland,Rainfed,Barley/Wheat,Barley,Rainfed - Barley -SC-LS,35.78392326,9.522801623,0
3149,4930,3192,3277,3089,3477,3483,3917,2816,2794,3040,2864,2583,2444,2436,2941,2877,2853,3231,3281,2786,3650,2963,1,1,262,cropland,Rainfed,Barley/Wheat,Barley,Rainfed - Barley - SC-MS,35.71770079,9.631145282,0
4012,3900,3467,2836,3378,3792,4347,5037,4364,4563,3745,4375,4363,4256,3646,4231,3891,3713,4556,5139,3254,2711,3979,1,1,263,cropland,Rainfed,Barley/Wheat,Barley,Rainfed - Barley -SC-LS,35.70120612,9.639029774,0
5718,4727,7138,7282,7987,7292,7186,5801,2917,1702,1685,2161,2574,2598,2842,2180,1739,2170,1822,1796,1605,1912,2632,1,1,270,cropland,irrigated,Barley/Wheat,Barley,Irrigated-Barley-SC-MS,35.65940765,10.05582155,0
2506,3689,3686,3227,3688,4145,3881,2412,1603,1471,1305,1218,1195,1148,1278,1085,1006,1339,1115,1205,1491,2012,2359,1,1,272,cropland,irrigated,Barley/Wheat,Wheat,Irrigated wheat -LS,35.74369915,9.938803148,0
3014,1886,3863,4016,4840,5510,6070,4604,2899,2190,2302,1720,1699,1945,1788,2066,1963,1955,2921,3502,3450,2423,3548,1,1,273,cropland,irrigated,Barley/Wheat,Wheat,Irrigated-Wheat/Barley-SC-SS,35.80238257,9.863619036,0
3555,4201,3288,3380,3544,3644,3449,3556,2979,2612,2415,2610,2308,2409,2203,2264,2329,2411,3317,2811,2990,3116,2808,1,1,278,cropland,Rainfed,Barley/Wheat,Barley,Rainfed-Barley-SC-LS,35.83844618,9.619505724,0
2873,3530,3836,4512,5344,5891,5262,5211,3575,2343,1934,1933,1835,1788,1752,1802,2146,2019,2111,2218,2502,2641,2594,1,1,279,cropland,Rainfed,Barley/Wheat,Barley,Rainfed-Barley-SC-SS,35.85080209,9.567784705,0
6622,5173,6703,7349,6806,7702,6855,5878,4600,3310,3449,3158,2658,2467,2555,2594,2705,2251,3070,3600,3703,3802,4258,1,1,281,cropland,irrigated,Barley/Wheat,Barley,Irrigated-Barley - DC-MS,35.95061026,9.482342101,0
5181,4567,4781,3526,4196,3322,2817,3255,2836,2298,2494,2308,2665,2417,2839,2742,2317,1851,2506,2245,4380,2625,2857,1,1,282,cropland,Rainfed,Barley/Wheat,Wheat,Rainfed - Wheat/Barley -SC-LS,36.00771766,9.445952394,0
7570,6929,7269,7049,7919,8557,6611,3773,3451,2583,2158,2355,2003,2208,1814,2217,1843,1615,2149,2550,2921,3351,3197,1,1,283,cropland,irrigated,Barley/Wheat,Wheat,Irrigated-Wheat-SC-MS,36.01082539,9.431767728,0
3936,6912,7915,7864,8412,8604,8097,7438,5108,2327,2163,2120,1745,1742,1678,1671,1554,1360,1824,2037,3668,5739,6237,1,1,286,cropland,Rainfed,Barley/Wheat,Wheat,Rainfed-Wheat-SC-SS,36.12610933,9.327759582,0
3103,4785,3076,3240,3731,3631,2684,2863,2555,2031,2305,1842,1886,1888,1884,2102,2044,2016,2116,2023,2942,3720,3108,1,1,288,cropland,Rainfed,Barley/Wheat,Wheat,Rainfed - Wheat/Barley-SC-LS,36.21018382,9.289466838,0
6269,5522,6381,6957,6752,7481,5728,4996,3825,2972,3061,2951,2781,2697,2608,2541,2919,2469,2723,3763,3581,3830,4927,1,1,292,cropland,irrigated,Barley/Wheat,Wheat,Irrigated- Wheat/Barley - SC-LS,36.34249826,9.337849515,0
3416,2930,6727,7218,8380,8299,7539,6981,4937,2919,2370,1991,1915,1568,1693,1579,1245,1467,1332,1355,2035,2288,3985,1,1,295,cropland,Rainfed,Barley/Wheat,Wheat,Rainfed-Wheat-SC-LS,36.37187939,9.656444581,0
4362,6291,5082,5226,6092,5378,4848,3870,2829,2296,1983,1838,1882,1692,1822,1822,2253,1653,1833,1780,3459,3027,3633,1,1,296,cropland,Rainfed,Barley/Wheat,Wheat,Rainfed - Wheat/Barley-SC-LS,36.39909482,9.649261176,0
5157,4570,5278,4322,4422,5622,5195,4870,4927,5066,4668,4521,3589,3445,3110,3134,2578,3118,3882,4244,5088,4513,5221,1,1,301,cropland,irrigated,Barley/Wheat,Wheat,Irrigated-GW-DC-Wheat-VLS,36.57610019,10.83252806,0
4394,5682,6958,7806,7945,8071,7939,6551,4630,3843,2607,4012,3035,2522,2329,2446,2120,2187,2698,3134,2707,2555,3503,1,1,305,cropland,irrigated,Barley/Wheat,Wheat,Irrigated-Wheat-SC-SS,36.52971682,9.768505098,0
5941,5660,6214,6565,7297,6451,6101,4725,3603,3216,3291,2671,2687,2800,2463,2616,2501,2508,3219,3898,5837,4838,5748,1,1,307,cropland,irrigated,Barley/Wheat,Wheat,Irrigated-Wheat/barley- SC-LS,36.51159827,9.845295583,0
5745,6273,7754,8568,8005,8054,7921,6261,3876,2511,2424,1970,1867,1748,1776,1896,1923,1846,2040,2996,2668,3025,4022,1,1,308,cropland,Rainfed,Barley/Wheat,Wheat,Rainfed-Wheat-SC-LS,36.52941135,9.847067373,0
2184,2347,3449,4152,6680,6564,6024,4707,3119,2194,1807,1505,1494,1488,1460,1623,1501,1407,1332,1553,3633,2157,2481,1,1,310,cropland,Rainfed,Barley/Wheat,Barley,Rainfed-Barley-SC-LS,36.56804334,9.98651689,0
3901,1615,5956,7646,8302,8180,7978,5442,3119,2196,1750,1781,1670,1648,1669,1690,1724,1488,2049,1942,2122,2518,3174,1,1,311,cropland,Rainfed,Barley/Wheat,Barley,Rainfed-Barley-SC-LS,36.64447998,10.03661979,0
5332,7127,7119,8135,8078,7236,8186,7616,4859,2729,2118,1576,1548,1489,1617,1396,1775,1486,1477,1555,1498,1760,2468,0,2,10,cropland,Rainfed,Fababean,Fababean,Rainfed-SC-fababean-LS,37.10696604,9.713313324,0
5737,6329,8327,7984,7456,7572,7450,6916,5200,3260,2961,2999,2248,2401,2634,2593,2355,2072,2041,3400,2154,2230,2402,0,2,11,cropland,Rainfed,Fababean,Fababean,Rainfed-SC-fababean/wheat-LS,37.05841343,9.684309171,0
6206,6534,7936,8035,7969,7982,7435,5996,3945,3146,2533,2646,3421,2581,2500,1998,2547,1932,2190,2287,2330,3611,3525,0,2,12,cropland,Rainfed,Fababean,Fababean,Rainfed-SC-fababean/wheat-LS,37.01202116,9.619566441,0
4972,5209,7531,7866,7751,7954,8239,7877,6681,3660,3529,3204,2818,2303,2151,1998,1992,1896,2383,2087,2063,1860,3210,0,2,14,cropland,Rainfed,Fababean,Fababean,Rainfed-SC-fababean/wheat-LS,36.92527485,9.473855612,0
5817,6100,7718,8314,8173,8213,8232,7809,6378,3604,3301,3052,2867,2386,2367,2403,2153,2165,2076,2481,2211,2529,3163,0,2,15,cropland,Rainfed,Fababean,Fababean,Rainfed-SC-fababean-LS,36.8886991,9.435487751,0
3435,3560,5718,6606,7031,7410,7267,5902,3300,1892,1804,1525,1566,1612,1406,1460,1406,1468,1845,1649,1741,2009,2369,0,2,47,cropland,Rainfed,Fababean,Fababean,Rinfed-SC-fababean-VLS,36.7468581,9.962522265,0
7781,7673,7732,8601,8107,8229,7040,7272,4561,2884,2304,2155,2003,1886,1917,1957,1941,1870,2027,2132,2552,3381,6043,0,2,59,cropland,Rainfed,Fababean,Fababean,Rainfed-SC-fababean-LS,36.37957545,9.227623038,0
4493,4953,7282,7906,7160,7135,6976,6140,4952,4262,3191,2627,2373,2118,2193,2147,2034,2008,2094,2293,3087,2451,3308,0,2,148,cropland,irrigated,Fababean,Fababean,Irrigated-GW-DC-fababesn/barley-vegetables-VLS,36.90844295,11.01804465,0
3601,4801,7079,8049,7944,7189,8207,6470,4403,3401,2569,2468,2279,2270,2201,2160,2128,2011,2072,1884,2361,1840,3160,0,2,149,cropland,Rainfed,Fababean,Fababean,Rainfed-SC-fababean-LS,36.88933051,11.04017894,0
4488,4080,7467,7904,7589,8040,7450,6132,3689,1892,1847,1968,1697,1675,1637,1715,1975,1582,2321,2956,3157,3472,3796,0,2,168,cropland,Rainfed,Fababean,Fababean,Rainfed-Fava bean -SC-LS,36.07037564,9.332744383,0
3997,3404,5972,7044,6662,7461,6992,5650,3505,2298,1998,2086,1727,1714,1788,1772,1820,1720,1745,2401,2449,2357,2754,0,2,306,cropland,Rainfed,Fababean,Fababean,Rainfed Fodder (Faba bean) -SC-MS,36.51890653,9.820648904,0
3973,3344,7560,8347,7874,7501,8163,2751,2475,1475,1645,1605,1595,1544,1406,1704,1571,1423,1381,1681,1394,1843,2286,0,3,50,cropland,Rainfed,Fodder,Fodder,Rainfed-SC-fodder-VLS,36.651282,9.681405273,0
4175,3834,5232,4842,3933,5191,4115,5344,3522,2966,2714,2327,2193,2414,1945,2217,1759,1931,1790,1686,1829,1556,2099,0,3,113,cropland,irrigated,Fodder,Fodder,Irrigated-fodder-MS,35.91320011,10.04533389,0
5235,6094,6569,6355,6691,7194,6283,6485,4189,3745,3288,3268,3109,3130,2857,2979,2816,2450,3183,3321,4187,3976,5019,0,3,142,cropland,Rainfed,Fodder,Fodder,Rainfed-SC-fodder-VLS,36.92253769,10.85940888,0
4142,5158,6491,7248,6887,6302,5392,4091,2557,1742,1574,1503,1596,1544,1526,1435,1380,1372,1670,1859,1755,3083,3568,0,3,154,cropland,Rainfed,Fodder,Fodder,Rainfed-Fodder (Fenugreek) - SC-LS,36.56732727,10.07944075,0
4877,3924,7985,8081,8153,8018,8183,6792,3494,2368,1987,2005,2039,1978,2059,1884,1777,1663,1896,2018,2435,2683,4269,0,3,157,cropland,Rainfed,Fodder,Fodder,Rainfed-Fodder (Oat)- SC-LS,36.47978545,9.932762362,0
4144,2892,7685,7862,8211,8406,8117,6022,3977,2692,2330,1825,1603,1770,1645,1659,1472,1592,2250,1682,2887,2835,3679,0,3,159,cropland,irrigated,Fodder,Fodder,Irrigated- Fodder (Bersim)- SC- MS,36.35644773,9.877469605,0
6048,4982,6416,7430,7728,8191,7231,7016,5081,2919,2512,2250,2054,1964,1963,1991,1932,1896,1641,1811,2813,2828,3722,0,3,171,cropland,Rainfed,Fodder,Fodder,Rainfed -Fodder (Oat)-SC-MS,35.94040148,9.232409414,0
3435,2319,2892,3204,3260,3174,2844,2875,2393,2262,2606,2645,2865,2535,1910,1773,1817,1746,1897,1857,1900,1956,2188,0,3,182,cropland,irrigated,Fodder,Fodder,Irrigared-Fodder (Oat)-SC-SS,35.25245544,9.006132437,0
6986,6460,7436,7451,7514,8087,7817,7920,6653,4984,4371,3483,2849,2332,1927,1869,1961,2104,3074,3511,4684,3250,4186,0,3,285,cropland,irrigated,Fodder,Fodder,Irrigated -fodder (Oat)-SC-MS,36.05315726,9.409316793,0
5135,4924,7351,7967,7900,7537,6183,5009,3059,2247,2235,1856,1840,1910,1769,1988,1811,1733,1830,1960,2129,2642,3682,0,3,297,cropland,Rainfed,Fodder,Fodder,Rainfed Fodder (Fungrek) -SC-LS,36.46559263,9.665539591,0
5963,7484,6662,5642,4874,5636,6905,6533,5572,3916,3692,3501,2889,2813,2759,2606,2621,2651,2548,2668,3939,5204,7227,0,4,5,cropland,Rainfed,Oats,Oats,Rainfed-SC-oats-VVLS,37.06531541,10.01458711,0
5481,7241,8102,8709,8715,8310,8598,7837,3857,2605,2473,2029,2017,1958,1914,2052,1927,1778,1976,2484,2860,2723,3583,0,4,9,cropland,Rainfed,Oats,Oats,Rainfed-SC-oats-VVLS,37.12457497,9.787591405,0
5337,5568,7483,8117,7752,8310,7533,5989,3561,2073,2123,1786,1638,1674,1860,1783,1775,2018,1906,2111,3067,3070,4187,0,4,65,cropland,Rainfed,Oats,Oats,Rainfed-SC-oats-VVLS,36.05552858,8.6019564,0
4522,3970,7029,7336,7257,7255,7496,6241,5417,2550,2236,1961,1864,1885,1872,1746,1942,1650,1892,2472,2142,2572,3904,0,4,79,cropland,Rainfed,Oats,Oats,Rainfed-SC-oats/barley-LS,36.12134796,9.591232168,0
3190,4901,5364,5070,5704,5938,4904,3888,3452,2374,2425,2310,2315,2161,2042,2134,1987,2009,2433,2249,5128,5826,6775,0,4,96,cropland,Rainfed,Oats,Oats,Rainfed-SC-oats-VLS,36.46902324,10.57087585,0
4260,4351,5060,5663,5001,4853,4686,5496,3447,3097,2523,2454,2303,2353,2086,2176,2111,2052,1867,2203,2085,1996,3191,0,4,122,cropland,Rainfed,Oats,Oats,Rainfed-SC-oats/barley-LS,36.30638409,9.972834102,0
3491,2285,4109,4673,6150,6870,6703,4538,3350,2077,2012,1706,1519,1625,1529,1615,1563,1496,1442,1510,1771,2020,2395,0,4,123,cropland,Rainfed,Oats,Oats,Rainfed-SC-oats-MS,36.35348027,9.920576556,0
6561,6558,7348,7773,7463,7541,6913,5582,4698,4035,3559,3431,3287,2848,3001,3521,2998,3262,3856,3550,4410,4997,4667,0,4,133,cropland,Rainfed,Oats,Oats,Rainfed-SC-oats-LS,36.7647411,10.58659208,0
4747,3596,4706,3733,3677,4453,3796,3126,2863,2667,2341,3065,2881,2407,2047,2252,1987,2178,2325,3283,3607,3293,4696,0,4,302,cropland,irrigated,Oats,Oats,Irrigated-Oats/Wheat-VLS,36.59687388,10.78905403,0
6024,7078,6588,7160,7113,8073,7273,6437,6363,4075,4634,3447,3909,4325,3661,4219,3835,2250,3827,4722,5153,5068,6457,0,4,41,cropland,Rainfed,Olive,Olive,Rainfed-SC-olive/fababean-LS,36.69638889,9.339444444,0
4666,5633,7284,7259,7131,7824,7767,8106,6445,3654,3314,3294,3033,2739,2719,3196,3289,2537,3727,5245,5003,5765,7158,2,5,24,cropland,irrigated,Orchard,Grapes Orchard,Irrigated-orchards-grapes /Barren,36.62087847,9.001459919,0
5376,5895,6822,5888,6349,6661,6504,5322,3951,3015,2890,2739,2581,2530,2386,2939,2553,2345,2699,2957,3306,3931,4579,2,5,30,cropland,Rainfed,Orchard,Olive Orchard,Rainfed-olive orachards/Barren-MS,36.55594347,8.705814774,0
6041,6412,7130,7643,7394,6891,7042,6113,4834,2820,3363,3750,3397,3213,3227,3561,3472,3048,4676,4145,4180,4314,5320,2,5,32,cropland,Rainfed,Orchard,Olive Orchard,Rainfed-olive orachards /Barren-MS,36.51383598,8.605638619,0
5159,5600,5851,5928,5801,5430,3882,5460,4955,5421,5439,5667,6175,5283,5715,5160,5095,4484,4937,4828,4683,3779,3860,2,5,42,cropland,irrigated,Orchard,Grapes Orchard,Irrigated-grape orchards /Barren-VLS,36.59693246,9.529200167,0
5390,5622,7042,5007,4626,4856,5027,3878,3525,3738,2859,2632,2735,2536,2502,2594,2980,2590,3398,3233,3489,3772,5151,2,5,44,cropland,irrigated,Orchard,Olive/Almond Orchard,Irrigated-almond/olive orchards / Barren-LS,36.65651233,9.842458684,0
4791,4861,6007,6758,5913,6800,5243,3832,2855,2497,2439,2161,2064,1930,2098,2165,2195,2292,2536,3588,4119,4165,4835,2,5,48,cropland,irrigated,Orchard,Olive/Almond Orchard,Irrigated-almond orchards /Barren-LS,36.698912,9.807922,0
6228,6594,6559,6484,5914,6363,4778,4835,4476,5001,4663,4090,3863,3461,3755,4488,4368,3657,3844,3993,3865,4507,5172,2,5,51,cropland,irrigated,Orchard,Grapes Orchard,Irrigated-grape orchards /Barren-VLS,36.60966608,9.525775728,0
3915,3867,5539,5637,5729,6174,5324,4263,3194,2623,2757,2490,2533,2441,2475,2529,2512,2211,2496,3188,2876,3257,4164,2,5,52,cropland,Rainfed,Orchard,Olive Orchard,Rainfed-olive orachards /Barren-VLS,36.53901434,9.401000797,0
4859,4408,5815,6073,5469,7036,5747,5219,3526,3116,3052,2721,2514,2739,2617,3239,3254,2905,2861,3663,3800,3880,5141,2,5,58,cropland,Rainfed,Orchard,Olive Orchard,Rainfed-olive orachards /Barren-VLS,36.41238328,9.240116297,0
5022,5153,5705,5814,5320,5667,4634,2947,2425,2725,2733,2378,2164,2040,1889,1916,1814,1813,2331,3917,3167,3791,5090,2,5,76,cropland,Rainfed,Orchard,Olive Orchard,Rainfed-olive orachards /Barren-VLS,36.08333333,9.414722222,0
6259,5721,6739,6351,5195,6464,5383,5456,4569,3635,3110,2947,2935,2757,2818,3021,2533,2917,3264,3956,5493,6235,5707,2,5,91,cropland,irrigated,Orchard,Olive/Almond Orchard,Irrigated-almond/olive orchards / Barren-LS,36.62871145,10.38726494,0
5318,4998,5673,5731,5219,5903,4586,4591,4106,3471,3908,3326,3905,3750,3403,3448,3529,3227,3944,4717,6182,6609,6356,2,5,93,cropland,irrigated,Orchard,Olive/Almond Orchard,Irrigated-almond/olive orchards /Barren-LS,36.58983558,10.48038919,0
4133,7427,5281,5068,4066,4929,4835,4646,3223,3614,3154,2997,3013,2826,2812,3539,3012,2812,2881,3729,6408,5814,5226,2,5,95,cropland,irrigated,Orchard,Grape Orchard,Irrigated-grape orchards / Barren-VLS,36.54649569,10.53898828,0
3226,3244,3946,3377,3853,3633,3506,2737,2214,2165,2201,1921,1973,2170,1937,2209,2184,2333,1912,2385,2803,2710,2950,2,5,98,cropland,Rainfed,Orchard,Olive Orchard,Rainfed-olive orachards /Barren-VLS,36.32338887,10.49128002,0
3040,1974,4066,4617,4852,5401,4833,4127,2684,2582,2647,2151,2487,2283,2579,2317,2104,2676,3021,2767,2827,2722,3329,2,5,99,cropland,Rainfed,Orchard,Olive Orchard,Rainfed-olive orachards / Barren-VLS,36.13741765,10.39153045,0
2663,2643,2762,2763,2792,2958,3044,2619,2590,2253,2223,1905,1982,1993,1913,2163,1964,2063,2790,2919,3062,3034,2725,2,5,102,cropland,Rainfed,Orchard,Olive Orchard,Rainfed-olive orachards / Barren-VLS,36.0197177,10.32387483,0
2793,3069,3017,3210,3201,3906,3438,3011,2851,2543,2473,2469,2263,2207,2182,2226,2212,2232,2515,2530,2477,2607,2635,2,5,103,cropland,Rainfed,Orchard,Olive Orchard,Rainfed-olive orachards / Barren-VLS,36.00132213,10.31123943,0
3708,3005,3547,2888,4518,3853,3313,2646,2153,1766,1679,1575,1702,1504,1632,1734,1564,1610,1879,1978,2885,1402,2259,2,5,106,cropland,Rainfed,Orchard,Olive Orchard,Rainfed-olive orachards / Barren-VLS,35.8740325,10.22318197,0
4472,4788,3667,4334,4457,4516,3822,2848,2352,2133,2051,2236,2102,2021,2502,2240,2283,2517,3924,3558,3584,3700,4511,2,5,112,cropland,Rainfed,Orchard,Olive Orchard,Rainfed-olive orachards-VLS,35.81751385,9.993773023,0
5389,3971,3984,4292,3703,5037,4136,3884,3004,2753,2947,2647,2537,2330,2539,3186,2642,2774,3398,3493,3275,3076,3139,2,5,116,cropland,irrigated,Orchard,Olive Orchard,Irrigated-GW-olive plantations / Barren-VLS,36.07777778,10.05472222,0
3268,3991,3732,3563,3280,4181,4443,3073,2797,2428,2340,2301,2269,2115,2093,2132,2078,2534,2757,2657,2628,3776,2564,2,5,117,cropland,irrigated,Orchard,Olive Orchard,Irrigated-GW-olive plantations / Barren - VLS,36.13527778,10.06222222,0
4089,3581,4774,4778,4367,5114,4827,4611,3235,2938,2430,2524,2166,2182,2117,2251,2070,2479,2719,3532,4031,4428,3045,2,5,124,cropland,Rainfed,Orchard,Olive Orchard,Rainfed-olive orachards / Barren-LS,36.74087856,10.28834468,0
6931,7061,6527,7187,6796,7220,6542,5831,4787,3568,3033,2787,3259,3192,3347,3323,3374,3135,4069,3768,6523,6618,6868,2,5,127,cropland,Rainfed,Orchard,Olive Orchard,Rainfed-olive orachards / Barren -LS,36.69399601,10.42245846,0
7309,9611,8129,7479,7026,7533,6895,6410,5702,5616,5455,5802,5625,5649,5072,5335,5851,6066,6671,6883,6662,6992,7484,2,5,131,cropland,irrigated,Orchard,Orange Orchard,Irrigated-GW-orange orchards / Barren-LS,36.72987292,10.5444706,0
5200,5105,5911,4603,4846,4869,4224,4005,3667,3643,3624,3785,3425,3116,3149,3194,3129,3110,4905,5837,6289,5747,6066,2,5,135,cropland,Rainfed,Orchard,Olive Orchard,Rainfed-olive orachards / Barren-LS,36.799759,10.63085563,0
4831,5223,5808,5139,4533,4447,4131,3763,3909,3820,4212,3464,3437,2997,2843,3058,2693,2803,3515,4224,5584,5194,5797,2,5,136,cropland,irrigated,Orchard,Grape Orchard,Irrigated-GW-grape orachards / Barren-VLS,36.79648328,10.634238,0
5415,5425,5798,5282,5310,6099,5331,4517,3966,3254,3399,3448,3435,3331,3011,3029,3109,2719,4108,5270,5165,5759,6199,2,5,137,cropland,Rainfed,Orchard,Olive Orchard,Rainfed-SC-olive orchards / Barren-LS,36.82038439,10.66647101,0
6265,6004,6254,6853,6299,6482,5916,5771,4578,4222,3718,3807,4315,3533,3357,3458,3387,3482,3988,5271,4956,7774,6882,2,5,139,cropland,Rainfed,Orchard,Olive Orchard,Rainfed-olive orachards / Barren-LS,36.88233867,10.75681487,0
7875,7764,7988,7674,6385,6915,6097,6389,6469,5273,5102,5073,5253,5126,5068,5198,5388,5771,6361,7082,7654,7303,7684,2,5,140,cropland,irrigated,Orchard,Orange Orchard,Irrigated-GW-orange orchards / Barren-LS,36.88888889,10.83361111,0
5317,7700,6087,5061,5459,4317,4828,3399,3116,3426,3293,3442,2961,2861,2875,2792,3055,2803,2788,2915,3109,3573,3764,2,5,152,cropland,irrigated,Orchard,Pear Orchard,Irrigated-orchards (pear) /  Barren-SC-MS,36.64086651,10.12673695,0
3459,2590,3729,4038,4466,4215,2980,2198,2247,1812,1537,1478,1466,1487,1352,1309,1296,1523,1705,2402,2416,2618,2767,2,5,155,cropland,Rainfed,Orchard,Olive Orchard,Rainfed-orchards (olive)/Barren-SC-LS,36.55442331,10.02346732,0
6146,4609,5803,6158,5947,6436,6750,5319,3960,4084,3686,4355,3913,3993,3951,4088,4692,4437,4621,5070,4697,5883,5941,2,5,160,cropland,irrigated,Orchard,Orange Orchard,Irrigated-Orchards (olive) / Barren-SC-LS,36.33402871,9.853473845,0
2716,2690,4212,4424,6441,7098,6513,6236,3800,2325,2094,1521,2033,1617,1910,1699,1452,1487,1606,1677,1759,3985,3227,2,5,174,cropland,irrigated,Orchard,Apple orchard,Irrigated-orchards (aple) / Barren-SC-MS,35.75476986,9.017646822,0
2994,2806,4017,3852,4759,4396,4472,3765,2476,2008,1938,1780,1685,1592,1521,2015,1741,1775,2449,2815,2638,4366,3475,2,5,175,cropland,Rainfed,Orchard,Olive Orchard,Rainfed- orchards (olive) /Barren -SC-MS,35.62649935,9.060646032,0
2682,2966,2953,3310,3219,2964,3969,3545,3147,3028,2624,3541,3153,3058,3245,2825,2950,3564,3063,3589,2749,2582,2650,2,5,176,cropland,irrigated,Orchard,Olive Orchard,Irrigated- orchards (olive peach) /Barren-DC-MS,35.55650657,9.069394315,0
2927,3083,3025,3531,3236,3590,4119,4823,4082,4613,4619,4936,4596,4543,4078,4141,3922,3653,4143,3947,3511,3539,3318,2,5,177,cropland,irrigated,Orchard,Apple orchard,Irrigated-orchards (aple)/Barren-SC-MS,35.53060206,9.07479168,0
3547,2294,3122,3490,4250,3799,3665,3483,2837,2111,2208,2230,1931,1832,1889,2172,2119,1751,2162,2156,2241,3357,1986,2,5,178,cropland,irrigated,Orchard,Peach Orchard,Irrgated-orchards (peach)/Barren-SC-LS,35.37449829,9.105735465,0
3341,3668,3620,3953,2771,3920,3701,3661,3404,2885,3186,3272,2967,3143,2667,2675,2646,2643,2668,3096,2805,3452,2932,2,5,179,cropland,irrigated,Orchard,Olive Orchard,Irrigated orchards (olive-aple)/Barren- DC-MS,35.30674003,9.084410981,0
2217,2452,2363,2272,1931,2122,2202,2249,2109,2040,2178,2067,1974,2099,2066,1987,1882,1823,2628,2049,1999,2856,2480,2,5,181,cropland,Rainfed,Orchard,Olive Orchard,Rainfed-Orchards (olive)/Barren-SC-LS,35.25753612,9.098194444,0
2024,3026,2495,2364,2124,2104,2559,2200,2111,2062,2038,2190,1914,1851,1788,1780,1734,1578,1746,1981,1821,1919,1854,2,5,185,cropland,Rainfed,Orchard,Amendier Orchard,Rainfed-Orchards (Amendier)/Barren-SC-LS,35.22861741,8.963189268,0
2618,2571,2496,2739,2725,2443,2700,2424,2268,2135,2262,2132,2234,1802,1837,2560,2035,2135,2127,2129,2489,3504,2991,2,5,186,cropland,irrigated,Orchard,Olive Orchard,Irrigated-Orchards(Olive/Aple)/Barren-DC-SS,35.14163447,8.765401812,0
1661,1491,1802,2052,2613,2589,2660,2215,1797,1891,1827,1772,1785,1702,1586,1886,1817,1709,2026,2143,2150,1923,1838,2,5,187,cropland,irrigated,Orchard,Amendier Orchard,Irrigated-Orchards (Amendier)/Barren-SC-SS,35.03886773,8.629591057,0
2469,2466,2621,2611,2440,2319,2496,2438,1931,2245,2457,2021,2206,1847,2218,2032,1950,2314,2438,2419,2860,3137,3089,2,5,188,cropland,irrigated,Orchard,Olive Orchard,Irrigated-Orchards (Olive/other tree)/Barren-DC-LS,34.92399167,8.54705,0
2219,2068,2575,2843,2776,2869,2621,2297,2135,1853,1900,1740,1790,1807,1798,1794,1648,1661,1693,1964,2285,2142,2605,2,5,190,cropland,irrigated,Orchard,Olive Orchard,Irrigated-Orchards (olive)/Barren-SC-MS,34.74535908,8.573270342,0
2656,2416,2324,3029,2830,2896,2983,2651,2140,2254,2302,1914,1883,1948,2228,2249,1982,1895,2217,2198,2414,2482,2536,2,5,191,cropland,irrigated,Orchard,Olive Orchard,Irrigated-Orchards (olive)/Barren-SC-LS,34.72337793,8.789707617,0
2823,2834,2645,3133,2905,2972,2973,2835,2345,2573,2270,2161,2684,1990,2192,2336,2123,2287,2588,2758,2683,3209,3277,2,5,192,cropland,irrigated,Orchard,Olive Orchard,Irrigated-Orchards (olive)/Fodder-DC-MS,34.71842389,8.792968978,0
1923,2047,2002,2397,2495,2353,2228,1895,1663,1570,1504,1430,1384,1377,1344,1431,1333,1436,1404,1861,1552,1762,1929,2,5,193,cropland,irrigated,Orchard,Amendier Orchard,Irrigated-Orchards (amendier)/Barren-SC-LS,34.68966559,8.812376724,0
4926,3717,4141,3482,3218,3268,3303,3391,3462,2948,3290,3404,3412,3336,3259,3656,2944,3473,3959,4486,3434,4401,4624,2,5,194,cropland,irrigated,Orchard,Olive Orchard,Irrigated-Orchards (olive)/Barren-SC-LS,34.63966748,8.840849929,0
2068,1930,2204,2758,2697,2722,2150,1814,1636,1633,1503,1569,1408,1425,1409,1437,1452,1441,1601,1699,1705,1858,1584,2,5,195,cropland,irrigated,Orchard,Olive/Almond Orchard,Irrigated-Orchards (olive/amendier)/Barren-DC-SS,34.57261296,9.018402418,0
1960,1647,1921,1857,2330,2561,2639,1904,1871,1938,1874,1445,1502,1468,1587,1833,1594,1974,2055,2405,2683,2519,2355,2,5,196,cropland,irrigated,Orchard,Olive Orchard,Irrigated-Orchards (olive)/Barren-SC-MS,34.47331455,9.044838545,0
1794,1737,2332,2161,2799,2681,2166,1870,1509,1508,1483,1301,1492,1367,1161,1071,1182,1378,1720,2511,2501,2461,2268,2,5,197,cropland,Rainfed,Orchard,Olive Orchard,Rainfed-orchards (olive)/Barren-SC-LS,34.50765781,9.165434683,0
2212,2339,2229,2557,2346,2358,2342,2130,1958,1858,1632,1536,1466,1515,1500,1560,1473,1518,1620,2064,1896,1846,1953,2,5,198,cropland,Rainfed,Orchard,Olive Orchard,Rainfed-orchards (olive)/Barren-SC-LS,34.56684885,9.369168909,0
2274,2305,2091,2011,1808,1877,1710,1744,1704,1656,1697,1476,1280,1625,1576,1369,1333,1628,1833,2381,2198,2304,1784,2,5,199,cropland,Rainfed,Orchard,Olive Orchard,Rainfed-orchards (olive)/Barren-SC-LS,34.57596751,9.488002438,0
2201,2507,2402,2225,1946,2478,2348,2508,2120,2076,2019,1965,2144,2302,2174,2267,2158,2252,2090,2024,2483,2322,2414,2,5,200,cropland,irrigated,Orchard,Olive Orchard,Irrigated-orchards (Amendier)/Barren-SC-MS,34.58609735,9.538625707,0
1902,2337,2227,1966,1923,2070,1904,1917,1623,1604,1588,1434,1545,1438,1397,1527,1392,1436,1514,1492,1614,1862,2493,2,5,201,cropland,Rainfed,Orchard,Olive Orchard,Rainfed-orchards (olive)/Barren-SC-LS,34.61499662,9.6883244,0
1647,1634,1659,2272,1789,1706,1688,1540,1572,1585,1617,1467,1421,1443,1383,1371,1364,1681,1680,1397,1485,1610,1444,2,5,202,cropland,Rainfed,Orchard,Olive Orchard,Rainfed-orchards (olive)/Barren-SC-LS,34.61377838,9.875867075,0
1694,1675,2022,1595,1547,1745,1614,1568,1565,1431,1611,1560,1744,1656,1437,1450,1618,1376,1475,1591,1648,1598,1599,2,5,203,cropland,Rainfed,Orchard,Olive Orchard,Rainfed-orchards (olive)/Barren-SC-LS,34.67758202,9.964666454,0
1913,1603,2092,2334,1928,2012,1953,1754,1546,1759,1698,1586,1712,1692,1589,1574,1524,1665,1715,1587,1812,1824,1730,2,5,204,cropland,Rainfed,Orchard,Olive Orchard,Rainfed-orchards (olive)/Barren-SC-LS,34.74561128,10.14026504,0
1593,1721,2079,2057,1823,1729,1726,1704,1699,1590,1594,1560,1588,1516,1552,1606,1529,1648,1693,1528,1713,1998,1814,2,5,205,cropland,Rainfed,Orchard,Olive Orchard,Rainfed-orchards (olive)/Barren-SC-LS,34.75242737,10.21946134,0
1319,1357,1710,1816,1652,1890,1861,1951,1734,1653,1555,1565,1473,1444,1495,1434,1507,1490,1410,1239,1286,1542,1591,2,5,206,cropland,Rainfed,Orchard,Pistachier Orchard,Rainfed-orchards (pistachier)/Barren-SC-LS,34.76091307,10.28516086,0
1632,1743,1699,2088,1818,1838,1954,2369,1860,1820,1854,1592,1551,1521,1527,1628,1577,1630,1460,1524,1647,1741,1864,2,5,207,cropland,irrigated,Orchard,Olive Orchard,Irrigated-Orchards (olive)/Barren-SC-MS,34.75100101,10.35092325,0
2721,2403,3417,3960,3574,3963,3452,2992,2462,2126,2186,2001,1815,2038,1813,1922,1808,1783,1811,1874,1927,1961,1883,2,5,208,cropland,irrigated,Orchard,Olive Orchard,Irrigated-Orchards (olive)/Barren-SC-MS,34.73325,10.60116667,0
2355,1793,2396,2760,2393,2808,2829,2113,1776,1749,1847,1739,1918,1631,1605,1711,1540,1634,1439,1348,1368,1564,1791,2,5,209,cropland,Rainfed,Orchard,Amendier Orchard,Rainfed-orchards (Amendier)/Barren-SC-LS,34.75044469,10.65067283,0
1991,1896,2375,2427,2473,2711,2773,2398,2025,1982,2033,1847,2094,1778,1839,1855,1813,1802,1696,2490,2612,2359,3131,2,5,210,cropland,Rainfed,Orchard,Amendier Orchard,Rainfed-orchards (Amendier)/Barren-SC-LS,34.83795294,10.73134389,0
2411,2030,2337,2200,2250,2210,2188,2225,2049,1962,1875,1825,1962,1898,1840,1842,1820,1870,1851,2025,2011,2022,2368,2,5,211,cropland,Rainfed,Orchard,Olive Orchard,Rainfed-orchards (olive)/Barren-SC-MS,34.85994623,10.80286742,0
2422,2010,1980,2438,2055,2015,2310,2135,1907,2054,1917,1831,1879,1761,1882,1825,1750,1643,1718,1666,1782,1786,1900,2,5,212,cropland,Rainfed,Orchard,Olive Orchard,Rainfed-orchards (olive)/Barren-SC-LS,34.89703638,10.85227402,0
2788,3084,2413,3033,3178,2518,2939,2482,2489,2535,2023,2034,2039,1848,2006,1934,1829,1714,1774,2772,1772,2255,2550,2,5,213,cropland,Rainfed,Orchard,Olive Orchard,Rainfed-orchards (olive)/Barren-SC-LS,35.05023483,10.90996091,0
2598,3132,2762,2947,2866,2624,2483,2361,2230,2087,2058,2075,2315,1963,1920,1878,1646,1660,1977,2814,2540,2669,2724,2,5,214,cropland,Rainfed,Orchard,Olive Orchard,Rainfed-orchards (olive)/Barren-SC-LS,35.09264,10.90264647,0
2603,2586,3012,3201,2956,2541,2628,2446,2079,2003,1854,1809,1802,1722,1753,1659,1642,1726,1987,2578,3417,2469,2628,2,5,215,cropland,Rainfed,Orchard,Olive Orchard,Rainfed-orchards (olive)/Barren-SC-LS,35.17184404,10.89993248,0
3012,2754,3432,2982,3163,2795,3000,2675,2370,2272,2306,2374,2249,2239,2137,2142,2019,2123,2321,2637,1775,2858,2970,2,5,216,cropland,Rainfed,Orchard,Olive Orchard,Rainfed-orchards (olive)/Barren-SC-LS,35.28260138,10.97443191,0
3155,3207,3124,3024,3224,2888,3045,2754,2402,2393,2364,2182,2352,2071,2080,2041,2340,2530,2605,3862,3474,2999,3064,2,5,217,cropland,Rainfed,Orchard,Olive Orchard,Rainfed-orchards (olive)/Barren-SC-LS,35.39151791,10.99675635,0
2902,2961,2845,2620,2740,2849,2599,2716,2582,2308,2401,2242,2251,2221,2184,2158,2409,2437,2929,3393,2947,3132,3348,2,5,218,cropland,Rainfed,Orchard,Olive Orchard,Rainfed-orchards (olive)/Barren-SC-LS,35.48754502,10.97849528,0
3173,3238,3510,3641,3126,2834,2863,2638,2465,2276,2041,1974,2290,1980,1934,1904,1790,1860,2063,2311,4195,2902,3317,2,5,219,cropland,Rainfed,Orchard,Olive Orchard,Rainfed-orchards (olive)/Barren-SC-LS,35.43700441,10.83149286,0
2114,2118,2570,3221,3694,3737,3312,2813,2388,1821,1771,1751,1959,1724,1710,1738,1616,1638,2138,2464,2429,2177,2565,2,5,220,cropland,Rainfed,Orchard,Olive Orchard,Rainfed-orchards (olive)/Barren-SC-LS,35.49661178,10.63331095,0
2607,3386,2819,3110,3006,2755,2501,2427,2322,2163,2121,2290,2207,2027,2043,2046,1957,2041,2476,2944,3492,2554,3029,2,5,221,cropland,Rainfed,Orchard,Olive Orchard,Rainfed-orchards (olive)/Barren-SC-LS,35.58850783,10.6142022,0
2485,3608,2352,2724,2843,2863,2862,2627,2160,2173,2145,2059,2074,1919,1854,1972,2015,2102,2644,3528,3802,2819,2865,2,5,222,cropland,Rainfed,Orchard,Olive Orchard,Rainfed-orchards (olive)/Barren-SC-LS,35.71374761,10.53249876,0
5838,5224,6414,7688,6599,6257,5954,4514,2862,2222,2545,3153,4050,3314,3402,3598,3622,3001,3944,3493,3764,3683,3571,2,5,230,cropland,irrigated,Orchard,Olive Orchard,Irrigated-orchards (Olive)/Wheat-DC-SS,35.52537125,10.06040441,0
2485,3211,2298,3102,2633,2827,2613,2391,2492,2454,2244,2033,1998,2007,2001,1957,2096,2290,2949,3018,3592,2898,2767,2,5,231,cropland,irrigated,Orchard,Olive Orchard,Irrigated-orchards (Olive)-SC-LS,35.36406531,10.04761691,0
2405,2850,2349,2646,2314,2310,2333,2106,2128,2355,2264,1993,1964,1970,1875,1954,2217,2041,2545,2774,2894,3472,1815,2,5,232,cropland,irrigated,Orchard,Olive Orchard,Irrigated-orchards (Olive/Amendier)/Barren-DC-SS,35.30845407,10.02825846,0
2502,2183,2440,2438,2027,2199,2147,1975,1941,1879,1791,1943,1836,1759,1779,1810,1687,1774,2045,1938,2026,2093,2112,2,5,233,cropland,Rainfed,Orchard,Amendier Orchard,Rainfed-orchards (Olive)-SC-LS,35.23468748,10.04050044,0
2755,2574,2713,2643,2813,2833,2895,3028,3294,3167,2358,2102,2059,1854,1936,2038,1962,2236,2507,2413,2482,2568,2757,2,5,234,cropland,irrigated,Orchard,Olive Orchard,Irrigated-orchards (Olive)/Barren/potatos-DC-SS,35.10726538,10.03601402,0
1969,2069,2243,2436,2324,2441,2408,2267,2138,1830,1758,1732,1673,1595,1590,1620,1549,1536,1782,1778,2055,2056,1994,2,5,235,cropland,Rainfed,Orchard,Amendier Orchard,Rainfed-orchards (Amendier)/Barren-SC-LS,35.05006676,10.0323279,0
2191,1977,2157,2048,1979,1990,2229,2057,1759,1999,1865,2007,2089,1759,1899,1920,1301,1660,2062,2198,2125,2043,2233,2,5,236,cropland,Rainfed,Orchard,Olive Orchard,Rainfed-orchards (olive)/Barren-SC-LS,35.0608139,9.991622319,0
2660,2493,2654,3039,2530,2680,2706,2516,2284,2082,2178,2091,1887,1787,1874,1931,1740,1924,2223,2446,2229,2299,2864,2,5,237,cropland,irrigated,Orchard,Olive Orchard,Irrigated-orchards (Olive)/Barren-SC-LS,35.07561809,9.83369844,0
2549,2591,2339,2922,2462,2678,3083,2481,2194,2105,1758,2066,1969,1701,1686,1755,1708,1773,2803,2370,3214,3690,3535,2,5,238,cropland,Rainfed,Orchard,Olive Orchard,Rainfed-orchards (olive)/Barren-SC-LS,35.06825806,9.735436915,0
2532,3782,3124,3383,3481,3213,3343,3087,2367,1986,1853,1934,1811,1675,1730,1750,1592,1830,1996,1783,3025,2821,2329,2,5,242,cropland,irrigated,Orchard,Olive Orchard,Irrigated-orchards (Olive)/Barren-SC-LS,35.09801086,9.412590854,0
3118,3849,3789,3790,3499,3897,2993,3115,2730,1891,1792,1821,1892,1728,1552,1665,1377,1561,2130,1940,1963,2244,3534,2,5,243,cropland,irrigated,Orchard,Olive Orchard,Irrigated-orchards (Olive)/vegtebales-DC-SS,35.12873816,9.372401321,0
2756,2872,2038,1910,2135,1882,1908,1769,1809,1443,1668,1569,1524,1630,1459,1446,1332,1329,1524,1434,1286,2258,2971,2,5,244,cropland,irrigated,Orchard,Olive Orchard,Irrigated-orchards (Olive)/Barren-SC-MS,35.14309671,9.365157037,0
3791,3835,4010,4297,3495,4256,4338,3692,3033,2717,2770,2756,3179,2469,2609,3002,2370,2515,2850,3036,3501,3536,3765,2,5,245,cropland,irrigated,Orchard,Olive Orchard,Irrigated-orchards (Olive)/vegtebales (Garlic)-DC-SS,35.15248621,9.36682127,0
1645,2649,1726,3380,2808,1848,3329,2424,1851,1981,2547,2417,2737,1871,1691,1847,1903,1752,2154,2156,2304,3383,3490,2,5,248,cropland,irrigated,Orchard,Olive Orchard,Irrigated-orchards (Olive)/Barren-SC-LS,35.37412043,9.475659804,0
3979,3766,4144,3642,4193,4266,3915,3709,3382,2744,2563,3006,2892,2923,2809,2823,2806,3862,4183,3807,3642,3579,3839,2,5,249,cropland,irrigated,Orchard,Olive Orchard,Irrigated-orchards (Olive)/vegtebales (pototes)-DC-SS,35.38244027,9.506720185,0
3798,3103,3446,4147,3801,4429,4010,3120,2748,2662,2453,2498,2393,2233,2459,2613,2203,3123,3502,3471,3052,3287,3176,2,5,250,cropland,irrigated,Orchard,Olive Orchard,Irrigated-orchards (Olive)/Vetebles(Potato)-SC-LS,35.41232014,9.488723588,0
4947,4171,4368,4045,3580,3916,4327,3901,3175,3026,3434,2747,3155,2880,2979,2917,2772,3304,3886,4254,3555,3864,3380,2,5,251,cropland,irrigated,Orchard,Olive Orchard,Irrigated-orchards (Olive)/Barley - DC-SS,35.41973773,9.480367528,0
1299,3041,1821,1580,2258,1919,2228,2570,1601,1286,1349,1231,1128,1118,1057,981,1247,1047,1369,1132,1379,1273,1905,2,5,255,cropland,Rainfed,Orchard,Olive Orchard,Rainfed - Oilve Orchards/fodder (Oat)-SC-SS,35.66243969,9.260114212,0
3423,3408,3166,3666,3549,4292,4472,3941,3494,3560,3858,4578,4202,3874,3893,4243,4117,3925,4629,5743,4943,4282,4041,2,5,264,cropland,Rainfed,Orchard,Peach Orchard,Irrigated orchards (peach) /Barren-SC-SS,35.63883391,9.696305438,0
4386,3821,3300,3129,3645,3536,3196,3179,3214,3293,3736,3565,2860,2761,2615,2567,2281,2260,3118,3686,2901,4370,3560,2,5,265,cropland,Rainfed,Orchard,Olive Orchard,Rainfed - orchards (olive)/Barren -SC-LS,35.65154026,9.744070761,0
4584,3534,5273,5302,3182,2533,3216,3706,2808,3128,2634,3084,2534,2396,2428,2315,2138,3246,4362,4285,4254,3955,3005,2,5,266,cropland,Rainfed,Orchard,Almond Orchard,Rainfed - orchards (Almond)/Barren -SC-LS,35.60426692,9.842767592,0
3241,2565,3592,3942,4058,4813,4918,5176,5219,5599,4816,5434,4643,4645,3965,4359,4325,4989,4785,4523,3487,3414,2856,2,5,267,cropland,irrigated,Orchard,Olive Orchard,Irrigated-orchards (Olive)/Wheat - DC-SS,35.60093687,9.890474965,0
2948,3044,4899,5843,5355,6792,6488,5225,3425,2174,2140,2542,2349,2504,2405,2588,2326,2381,2946,2232,3665,2184,2849,2,5,268,cropland,irrigated,Orchard,Olive Orchard,Irrigated- Olive Orchards/Wheat- SC-MS,35.63976591,9.983399136,0
2930,3734,3919,4405,4746,5745,5507,3518,2760,2124,1782,1819,1866,1873,1980,2092,2195,2182,2443,2130,1750,2082,2529,2,5,269,cropland,irrigated,Orchard,Olive Orchard,Irrigated-Olive Orchards/Wheat-SC-SS,35.64275284,9.989020946,0
2961,3422,4390,4045,4647,4969,5563,5601,4563,3120,2973,2385,2269,2077,2103,2135,2094,2273,2914,2936,2624,2690,2524,2,5,276,cropland,Rainfed,Orchard,Olive Orchard,Rainfed - Olive Orchards/Barley- SC-MS,35.86150668,9.699753098,0
3167,4073,5377,5940,6603,6945,6805,5838,3551,2126,1706,1732,1661,1630,1672,1575,1883,1782,2125,2457,3132,3649,3259,2,5,280,cropland,Rainfed,Orchard,Olive Orchard,Rainfed-Olive Orchards/Barley-SC-SS,35.85149205,9.540579672,0
3540,3228,8245,8510,8635,8899,8901,8448,5815,2122,2004,1997,1891,1784,1759,1799,1705,1361,1439,1282,1433,1552,1654,2,5,284,cropland,Rainfed,Orchard,Olive Orchard,Rainfed-Olive Orchards/Wheat-SC-LS,36.02876994,9.41773099,0
3295,2767,3781,4356,4761,4920,4169,3035,2147,1961,2250,1904,2086,1690,1715,1722,1590,1801,1727,2088,3529,3698,2836,2,5,287,cropland,Rainfed,Orchard,Olive Orchard,Rainfed - orchards (olive/Amandier)/Oats -DC-SS,36.15010061,9.330213982,0
4823,4341,6706,7405,8134,8257,7933,6167,3516,2283,2104,2082,1958,1995,1867,1952,1809,1701,1788,2043,2128,3637,5697,2,5,289,cropland,Rainfed,Orchard,Olive/Almond Orchard,Rainfed-Orchards (Olive/Alomnds)/Barren-LS,36.23361932,9.272241956,0
4523,3900,6013,6003,7196,8124,6789,5069,3161,1931,1780,1649,1708,1731,1820,1619,1763,1508,1571,1558,2910,3195,3573,2,5,290,cropland,Rainfed,Orchard,Olive Orchard,Rainfed-Olive Orchards/Wheat (tendre)-SC-LS,36.25615863,9.264313471,0
3091,5517,3331,3963,5395,5306,5212,4147,3246,2108,1799,1649,1688,1800,1779,1755,1610,1521,1602,2653,3209,1772,2858,2,5,294,cropland,Rainfed,Orchard,Almond Orchard,Rainfed- Orchards Almonds/Barren-SC-LS,36.37211111,9.536472222,0
5261,4918,5965,6680,7154,7156,5527,4703,3542,3401,3302,2912,2982,2455,2709,3076,2782,3232,3801,4921,4845,4071,4793,2,5,298,cropland,Rainfed,Orchard,Olive Orchard,Rainfed - orchards (olive/Fodder (oat)) -DC-SS,36.5323989,9.729821079,0
5168,5533,6895,5707,4928,5957,5184,4254,4287,4548,4389,4093,3651,2873,3172,3213,3539,3448,4465,3832,5547,4864,4630,2,5,300,cropland,irrigated,Orchard,Olive Orchard,Irrigated-GW-DC-Olive Orchards/Wheat-VLS,36.63958344,10.88150763,0
7003,7233,7297,7712,7201,7611,6862,5919,4034,3469,2906,2679,2725,2724,2476,2500,2407,2498,2967,3316,3299,3249,5662,2,5,303,cropland,Rainfed,Orchard,Almond Orchard,Rainfed-Orchards Almond/Barren-LS,36.63117052,10.65964613,0
3915,3926,5807,5067,5538,5147,4595,3661,2769,2049,2048,1863,1719,1588,1805,1755,1599,1766,1737,2337,2701,2215,2875,2,5,309,cropland,Rainfed,Orchard,Olive Orchard,Rainfed Olive Orcahards/Barren-SC-LS,36.54287013,9.865470305,0
4950,4970,5627,4109,2917,3944,3670,3160,2554,2289,2288,2090,2028,1889,1869,2019,1843,2074,2160,3561,3486,4256,4475,2,5,312,cropland,Rainfed,Orchard,Olive Orchard,Rainfed - orchards (olive) /Barren-SC-LS,36.70574838,10.06710936,0
6876,7222,7434,7853,7659,7445,7332,6186,4449,3446,3246,2825,2764,3187,2578,2347,2350,2399,2863,3815,4174,3739,4775,0,6,4,cropland,irrigated,Vegetable,Artishow,Irrigated-continuous-artishow,37.05361111,10.02433333,0
6307,5822,7978,7995,7479,7195,7148,6575,4027,3916,3433,2893,2113,2068,1965,2070,1883,1831,2082,2481,2452,2722,3913,0,6,6,cropland,Rainfed,Vegetable,Chickpea,Rainfed-SC-chickpea-LS,37.11045408,9.995044215,0
4450,4028,6101,6188,6383,6587,7006,7061,6822,5297,4030,3409,2938,2155,2163,1930,2009,1648,1968,1905,2633,3795,3748,0,6,19,cropland,Rainfed,Vegetable,Sunflower,Rainfed-SC-sunflower-LS,36.86023508,9.308811441,0
4412,4477,6120,6594,6594,6226,6254,6130,5262,4855,4264,3548,3075,2544,2403,2477,2098,1923,2116,2712,1951,2380,2879,0,6,21,cropland,Rainfed,Vegetable,Sunflower,Rainfed-SC-sunflower-LS,36.83205357,9.187194038,0
7323,8608,8498,8771,8426,8585,8128,7930,5760,2821,2477,2586,2995,2353,3253,2663,2831,3700,5734,5977,5220,5645,3739,0,6,26,cropland,irrigated,Vegetable,Potato,Irrigated-SC-potato/wheat-LS,36.64228412,8.954336058,0
5998,5643,7388,7807,8235,8232,8428,8011,4663,2346,2294,2165,2188,1943,1996,2121,1878,2184,2049,2357,3696,4637,5900,0,6,61,cropland,Rainfed,Vegetable,Peas,Rainfed-SC-peas-MS,36.23018135,8.880611365,0
2649,3097,3916,5597,5648,7068,5219,4093,2975,1585,1520,1451,1268,1378,1314,1420,1316,1210,1805,1503,2428,2423,2235,0,6,100,cropland,Rainfed,Vegetable,Openlands,Rainfed-fallows/openlands,36.1025,10.38416667,0
2499,3421,4511,5764,5760,7153,6933,5414,2883,2109,1815,1603,1597,1527,1629,1647,1608,1350,1619,1363,1446,1504,1574,0,6,114,cropland,irrigated,Vegetable,Watermelon,Irrigated-GW-watermelon-LS,35.95174005,10.02837403,0
4363,4482,5379,5790,4887,6293,5640,5470,4969,4174,3687,3803,4263,5344,5819,6575,5523,5450,5800,4175,5556,4085,5079,0,6,144,cropland,irrigated,Vegetable,Potato,Irrigated-GW-potato-fodder-LS,36.99364255,10.92488739,0
3793,4022,6005,6581,4856,6190,4771,4831,4472,4143,3735,3659,3458,3248,3397,3825,3409,3744,3810,3550,4337,3780,4147,0,6,147,cropland,irrigated,Vegetable,Vegetable,Irrigated-GW-DC-vegetables-vegetables-VLS,36.98262987,10.98425729,0
3712,2914,5224,5859,5003,5870,5851,3885,2258,2341,2375,2061,2288,2235,2490,1970,1786,2567,2697,2230,2471,2399,2977,0,6,271,cropland,irrigated,Vegetable,Tomato,Irrigated-Tomato-SC-MS,35.70207527,10.03008382,0
3100,2413,5563,6505,7181,7574,7428,5053,3471,2349,1900,1721,1580,1615,1606,1721,1810,1577,1453,1737,2791,2712,3902,0,6,291,cropland,Rainfed,Vegetable,Vegetable,Rainfed-Wheat/vegetable (peas)-SC-LS,36.30786838,9.29298038,0
4033,3553,6191,4763,6263,6421,6744,5205,3458,3030,2968,2606,3152,2439,2518,3242,2732,3056,2641,3663,2715,2671,3431,0,6,293,cropland,irrigated,Vegetable,Vegetable,Irrigated-Vegetable(Peas)-SC-MS,36.38484561,9.447408393,0
6383,5437,6179,7469,5687,6079,4828,4715,3486,3185,3625,3744,4153,4225,3471,3738,3911,2827,3103,3308,4466,3685,4810,0,6,299,cropland,irrigated,Vegetable,Vegetable,Irrigated-GW-DC-vegetables-vegetables-VLS,36.71266105,10.92961941,0
7464,6536,7522,7681,7336,6981,7363,6856,6477,6065,6019,5657,5050,5656,4911,5537,5596,5431,6251,6195,6150,6053,6660,0,7,13,Non-cropland,Non-cropland,Non-cropland,Non-cropland,Shrublands/hills/forest,36.96582883,9.522460054,0
7675,7001,7183,1943,5665,7157,7068,7389,7033,6906,6657,6599,6730,6463,6333,6112,6057,5666,5954,6685,6916,6931,3453,0,7,27,Non-cropland,Non-cropland,Non-cropland,Non-cropland,Shrublands/hills/forest,36.66833333,8.751111111,0
6217,5032,6630,6385,6666,5857,5610,6089,5373,4992,4894,5442,4531,4751,4559,4711,4959,4490,4886,5483,5153,5466,5941,0,7,54,Non-cropland,Non-cropland,Non-cropland,Non-cropland,Forests/shrublands-VLS,36.5113649,9.306699744,0
4959,4029,5102,4796,6024,5784,5750,5189,3925,2503,2437,2234,2054,1959,2115,2451,2066,2465,2355,2412,2505,2658,2897,0,7,64,Non-cropland,Non-cropland,Non-cropland,Non-cropland,Forests/shrublands-VLS,36.13147256,8.627377164,0
3113,2625,3324,2922,3935,3028,3387,3566,3069,2546,2420,2225,1920,1843,1874,1885,1988,1863,2129,2427,2477,2809,2980,0,7,77,Non-cropland,Non-cropland,Non-cropland,Non-cropland,Waste lands/rangelands,36.09681927,9.471769392,0
6110,5199,5970,6151,5968,5176,5087,5001,4555,3656,4347,3882,3509,3845,3518,4000,4183,3572,3862,4418,3580,5340,5990,0,7,80,Non-cropland,Non-cropland,Non-cropland,Non-cropland,Forests/shrublands-VLS,36.18528829,9.583286095,0
4313,4955,5620,5436,5270,6033,5836,4937,3325,2086,1984,1813,1893,1738,1721,1746,1825,1954,1947,1879,2946,3240,4566,0,7,83,Non-cropland,Non-cropland,Non-cropland,Non-cropland,Forests/Orchad-VLS,36.28263281,9.444927129,0
6089,6452,6385,6593,5861,5616,5695,5765,5408,4894,4572,4664,4519,4323,3907,4807,4112,4006,4783,5624,5449,6067,6092,0,7,89,Non-cropland,Non-cropland,Non-cropland,Non-cropland,Forests/shrublands-VLS,36.69073686,10.32229007,0
5948,6311,6521,6836,5543,6577,5905,5662,5372,4750,4544,4493,4923,4138,4480,4170,4000,4517,4255,5720,6108,5650,5710,0,7,90,Non-cropland,Non-cropland,Non-cropland,Non-cropland,Forests/shrublands-VLS,36.66222222,10.35611111,0
2717,4610,3282,2723,2684,3708,2847,1744,2549,2289,1880,2442,2169,2164,2178,2561,2267,2453,2550,2878,2086,2248,2335,0,7,97,Non-cropland,Non-cropland,Non-cropland,Non-cropland,Waste lands/rangelands,36.34511728,10.51965461,0
2504,2815,3162,3074,3909,3730,3440,2487,1683,1674,1547,1437,1417,1372,1436,1505,1506,1411,1540,1608,1478,2104,1726,0,7,105,Non-cropland,Non-cropland,Non-cropland,Non-cropland,Fallows/Barrenland,35.89722222,10.26111111,0
2446,3091,1840,2547,3063,2077,2160,1961,1561,1340,1509,1240,1195,1204,1257,1473,1228,1686,1623,1685,1992,2023,1895,0,7,107,Non-cropland,Non-cropland,Non-cropland,Non-cropland,Wetlands/waterbodies,35.83350635,10.16365541,0
2353,2618,3110,3642,4463,4123,4195,3515,2507,2287,2614,2100,2028,1815,1686,1903,1653,1950,2138,2542,3300,3863,2298,0,7,108,Non-cropland,Non-cropland,Non-cropland,Non-cropland,Wetlands/waterbodies,35.75248064,10.14357267,0
4888,3359,5814,5570,5185,4617,4083,5001,4184,2463,2409,1983,2111,1826,1565,1800,1692,1556,1845,2428,2191,2030,2722,0,7,118,Non-cropland,Non-cropland,Non-cropland,Non-cropland,Shrublands/hills/forest,36.21211635,10.01890672,0
3927,3809,3694,4709,5588,4375,3636,2625,2997,3303,2585,2428,3161,2041,2688,3077,2567,2088,2174,2375,3263,2167,4303,0,7,125,Non-cropland,Non-cropland,Non-cropland,Non-cropland,Forests/shrublands-VLS,36.72666667,10.31888889,0
6888,7297,6675,6960,5697,6218,5369,6115,4990,4944,4613,4422,5072,4320,4571,4517,4691,4978,5411,6330,7236,6391,6458,0,7,126,Non-cropland,Non-cropland,Non-cropland,Non-cropland,Forests/shrublands-VLS,36.71222222,10.35916667,0
4987,4653,5294,5057,4837,5691,4895,4654,4130,3892,3801,3592,3847,3163,3236,3537,3552,3353,3831,4257,5675,4713,5477,0,7,129,Non-cropland,Non-cropland,Non-cropland,Non-cropland,Waste lands/rangelands,36.70214718,10.45608442,0
6463,6067,6422,6093,6063,6778,5800,6054,5698,5336,4986,4979,5020,4778,4717,4736,4559,5004,5558,6429,5642,6109,6476,0,7,138,Non-cropland,Non-cropland,Non-cropland,Non-cropland,Forests/shrublands-LS,36.84051014,10.69831303,0
5900,5558,6439,6092,5603,5887,5018,5530,4824,4535,4301,4039,4105,3832,4440,4177,4125,3666,4606,4477,4745,5696,6309,0,7,161,Non-cropland,Non-cropland,Non-cropland,Non-cropland,Forest (Pinus halepensis),36.26866691,9.798229909,0
5799,4576,5360,5034,5226,4851,4688,4688,4210,3903,4060,3744,4375,3681,4257,3952,4137,3831,5019,3957,5395,5986,5788,0,7,162,Non-cropland,Non-cropland,Non-cropland,Non-cropland,Forest planted (Eucalyptus),36.23616223,9.759240807,0
4562,3478,4635,3809,3258,4089,3399,3324,3051,2921,2544,2605,2670,2383,2653,2883,2844,3489,3246,3478,3932,3125,4927,0,7,170,Non-cropland,Non-cropland,Non-cropland,Non-cropland,Forest (Cupressus sempervirens),35.96379374,9.25504813,0
2628,3550,3092,2518,2579,2446,2519,2655,2507,2324,2336,2398,2147,2169,2025,1962,2116,1815,2385,2354,2559,2468,2451,0,7,180,Non-cropland,Non-cropland,Non-cropland,Non-cropland,Shrubland (Cactus)-SC-LS,35.22599302,9.097265737,0
3152,2628,3003,3353,3503,3614,3241,2984,2558,2301,2537,2077,2246,1986,1921,1955,2210,2274,2585,2938,2451,3335,2697,0,7,183,Non-cropland,Non-cropland,Non-cropland,Non-cropland,Grassland (Stipaa tenacissima)-LS,35.24693081,8.992458058,0
4042,3962,3957,4447,4297,4141,3926,3520,2732,2442,2565,2211,2085,1965,1938,2003,2275,2383,2490,3032,2580,2572,2810,0,7,184,Non-cropland,Non-cropland,Non-cropland,Non-cropland,Shrubland/Grassland-LS,35.23872989,8.979535783,0
1481,1488,1637,1636,1645,1830,1763,1838,1467,1426,1384,1336,1320,1311,1303,1389,1300,1362,1355,1651,1503,1540,1592,0,7,189,Non-cropland,Non-cropland,Non-cropland,Non-cropland,Grassland (Stipaa tenacissima)-LS,34.83607104,8.516345108,0
2329,2928,2617,2549,2578,2906,3113,2397,1807,1719,1988,1769,1665,1491,1486,1618,1688,1610,2471,2820,2651,2386,2650,0,7,225,Non-cropland,Non-cropland,Non-cropland,Non-cropland,Grassland (Halophyte),35.68304252,10.18857145,0
3804,2161,3056,3818,3108,3153,2937,2626,2335,2047,1895,1303,1463,1424,1395,1886,1391,1508,1507,1401,1350,3623,2491,0,7,239,Non-cropland,Non-cropland,Non-cropland,Non-cropland,Grassland (Halophyte),35.07771857,9.604289035,0
2366,3866,3209,2811,3122,3626,3849,3386,2139,1929,1651,1591,1447,1355,1329,1348,1246,1484,1555,1688,1692,2917,2053,0,7,241,Non-cropland,Non-cropland,Non-cropland,Non-cropland,Grassland-LS,35.09104243,9.425803372,0
3828,4202,3772,4757,4306,4548,4266,3204,2584,2132,1970,2092,2020,1781,1768,1963,1704,1903,2274,2223,2363,2253,2481,0,7,246,Non-cropland,Non-cropland,Non-cropland,Non-cropland,Shrub land (cactus inerme) - MS,35.20959002,9.376016656,0
2760,3528,2854,3560,3887,3119,3038,2588,2305,1928,1985,1978,1835,1767,1707,1671,1820,1984,2330,2336,2150,3397,3416,0,7,247,Non-cropland,Non-cropland,Non-cropland,Non-cropland,Grassland (esparto)-LS,35.31731313,9.408786259,0
2895,2962,3188,3372,3169,3064,3075,2965,2609,2165,2077,2317,2132,1906,2051,2165,2403,2424,2555,3011,2984,2886,3185,0,7,252,Non-cropland,Non-cropland,Non-cropland,Non-cropland,Shrub land (rosmarinus/other vegetation,35.4850285,9.333870413,0
3122,3990,3092,3218,3828,3244,3162,3013,2655,2231,2189,2304,2160,2078,2152,2168,2145,2228,2768,2975,2975,3526,3274,0,7,253,Non-cropland,Non-cropland,Non-cropland,Non-cropland,Shrubland(Cactus),35.51439997,9.348675191,0
2191,2064,2280,2625,2756,3204,3523,3118,2407,1950,1831,1554,1694,1548,1518,1518,1556,1572,1660,1978,1955,1728,1807,0,7,254,cropland,Non-cropland,Non-cropland,Non-cropland,Shrubland,35.60312448,9.297455692,0
3836,3562,5648,5770,6191,7141,7374,6389,4790,2160,2031,1766,1936,1685,2272,1620,2228,1558,1658,1644,2029,2283,2393,0,7,259,Non-cropland,Non-cropland,Non-cropland,Non-cropland,Shrubland-LS,35.81914993,9.274239134,0
3358,4203,5086,4719,3835,5053,3641,4770,2913,2822,2927,2522,2557,2082,2281,2037,2171,2349,3287,2082,3683,4203,4051,0,7,274,Non-cropland,Non-cropland,Non-cropland,Non-cropland,Shrubland/Grassland,35.80284193,9.812811888,0
4818,4151,4743,4862,4172,3910,4126,3867,3630,3582,3467,3512,3445,3122,3149,3476,3710,3700,3798,4174,4307,4472,4605,0,7,275,Non-cropland,Non-cropland,Non-cropland,Non-cropland,Forests (Pinus halepensis) - LS,35.8359626,9.741766762,0
4454,4743,5886,7280,7051,7990,6873,6347,4953,3012,2256,2208,2352,2240,2315,2478,2329,2251,3599,4435,3702,3440,3495,0,7,277,Non-cropland,Non-cropland,Non-cropland,Non-cropland,Forest/Shrubland,35.8346245,9.662738222,0
